id,day,weight,gender,liverind,heartind,appind,femstate,gonfatind,batind,sulcer,kmethod,tailind,blength,place,year,ADWBind,gonind,BMI
rat1,67,22,1,0.036364,0.005091,0.013636,4,0,0.001864,1,2,0.714286,10.5,1,5,0.454545454545455,0,0.199546
rat2,251,182,1,0.01044,0.004396,0.008791,4,0.023077,0.000742,3,2,0.666667,19.5,3,3,0.302197802197802,1.64865862558738,0.478632
rat3,230,37.5,1,0.0512,0.006133,0.0208,4,0,0.001467,2,1,0.904762,10.5,2,8,0.653333333333333,0,0.340136
rat4,261,45,2,0.047333,0.005556,0.105111,-1,0.293333,0.002178,1,1,0.869565,11.5,4,2,0.26,2.65324196460722,0.340265
rat5,262,43,1,0.052558,0.005349,0.021628,4,0,0.001884,1,1,0.72,12.5,2,8,0.5,0,0.2752
rat6,169,40,1,0.05725,0.0065,0.014,4,0,0.002925,2,1,0.826087,11.5,2,7,0.575,0,0.302457
rat7,230,50,2,0.0468,0.0048,0.008,-1,0.0028,0.00142,2,1,0.826087,11.5,2,8,0.61,0.131028262406404,0.378072
rat8,261,48,2,0.050208,0.005833,0.010208,-1,0.001854,0.003083,1,1,0.88,12.5,4,2,0.425,0.085259843950823,0.3072
rat9,162,46,1,0.057391,0.00587,0.01413,4,0,0.001348,1,1,0.875,12,2,8,0.434782608695652,0,0.319444
rat10,169,53,1,0.051698,0.004906,0.018491,4,0,0.00134,1,1,0.723077,13,2,7,0.641509433962264,0,0.313609
rat11,217,46,2,0.060652,0.004783,0.013043,-1,0.001239,0.001283,1,1,0.852174,11.5,2,8,0.478260869565217,0.055434706888101,0.347826
rat13,177,47,2,0.061915,0.004681,0.024894,-1,0,0.001489,2,1,0.758333,12,2,8,0.787234042553192,0,0.326389
rat14,177,58,2,0.051724,0.005241,0.010517,-1,0,0.001621,1,1,0.869565,11.5,2,8,0.456896551724138,0,0.438563
rat15,261,59,1,0.050847,0.005085,0.020339,4,0,0.001254,1,1,0.884615,13,4,2,0.313559322033898,0,0.349112
rat16,196,54,2,0.056852,0.00537,0.049444,-1,0.001074,0.000981,2,1,0.692308,13,2,8,0.277777777777778,0.056380333436108,0.319527
rat17,258,58.5,2,0.053504,0.005128,0.013504,-1,0.002222,0.002803,2,1,0.807692,13,2,8,0.974358974358974,0.122217632724249,0.346154
rat18,166,63,2,0.052381,0.006349,0.019048,-1,0.002794,0.002143,1,1,0.75,14,3,3,0.317460317460317,0.162118849476435,0.321429
rat19,162,58,2,0.059138,0.00569,0.023103,-1,0,0.001224,1,1,0.846154,13,2,8,0.344827586206897,0,0.343195
rat20,240,60,2,0.057333,0.005667,0.014833,-1,0,0.001183,1,1,0.807692,13,2,7,0.5,0,0.35503
rat21,177,56,2,0.062321,0.006429,0.010893,-1,0,0.000982,1,1,0.88,12.5,2,8,0.75,0,0.3584
rat22,261,75,1,0.049733,0.004667,0.017467,4,0.0016,0.001733,1,1,0.862069,14.5,4,2,0.266666666666667,0.113328685307003,0.356718
rat24,81,55.9,2,0.069767,0.007156,0.0161,-1,0.000894,0.004866,3,2,0.730769,13,1,5,0.608228980322004,0.048790164169432,0.330769
rat25,354,79.6,2,0.048995,0.006621,0.020101,-1,0,0.003166,5,2,0.677419,15.5,1,4,0.703517587939699,0,0.331322
rat26,269,70.4,1,0.056818,0.005682,0.014205,4,0,0.00179,1,1,0.84,12.5,2,6,0.482954545454545,0,0.45056
rat27,196,68,2,0.060294,0.004265,0.0175,-1,0.001471,0.000882,1,1,0.814815,13.5,2,8,0.419117647058824,0.095310179804325,0.373114
rat28,70,54,1,0.075926,0.005185,0.011296,4,0,0.002852,2,1,0.815385,13,2,9,0.722222222222222,0,0.319527
rat29,258,71,2,0.05831,0.00493,0.008732,-1,0.002535,0.001549,2,1,0.785714,14,2,8,0.732394366197183,0.165514438477573,0.362245
rat30,217,79,1,0.053165,0.005063,0.021266,4,0,0.001316,4,1,0.748299,14.7,2,8,0.246835443037975,0,0.365588
rat31,66,64.5,1,0.066667,0.006202,0.013953,4,0,0.003674,1,2,0.84,12.5,1,5,0.426356589147287,0,0.4128
rat32,162,98,2,0.044694,0.004286,0.022347,-1,0,0.000602,1,1,0.907143,14,2,8,0.545918367346939,0,0.5
rat35,258,74,2,0.068514,0.005,0.016351,-1,0.001486,0.001284,2,1,0.785714,14,2,8,0.601351351351351,0.104360015324243,0.377551
rat36,261,120,1,0.04375,0.004583,0.031667,4,0.010167,0.001408,1,1,0.828571,17.5,4,2,0.325833333333333,0.797507195884188,0.391837
rat37,244,229,1,0.023799,0.003406,0.015895,4,0.008865,0.000825,1,1,0.81,20,2,8,0.320960698689956,1.10856261952128,0.5725
rat38,244,93,2,0.05871,0.005914,0.019032,-1,0.002258,0.001,2,1,0.766667,15,2,8,0.60752688172043,0.19062035960865,0.413333
rat39,244,128,2,0.043047,0.005,0.010234,-1,0.004375,0.001172,1,1,0.860606,16.5,2,8,0.43359375,0.444685821261446,0.470156
rat40,230,153,1,0.036928,0.004183,0.012876,4,0.005686,0.000876,1,1,0.875,16,2,8,0.284313725490196,0.625938430866495,0.597656
rat41,322,88,2,0.064545,0.004886,0.01375,-1,0,0.001739,1,1,0.864286,14,2,8,0.477272727272727,0,0.44898
rat42,251,139,1,0.041727,0.005036,0.010072,4,0.011511,0.000791,2,2,0.828571,17.5,3,3,0.431654676258993,0.955511445027436,0.453878
rat43,251,139,2,0.042446,0.005036,0.013669,-1,0.006475,0.001007,1,2,0.789474,19,3,3,0.273381294964029,0.641853886172395,0.385042
rat44,217,137,1,0.043212,0.003577,0.022044,4,0.006788,0.000759,1,1,0.986667,15,2,8,0.445255474452555,0.657520002916794,0.608889
rat45,12,131.6,2,0.046353,0.005243,0.009119,-1,0.002302,0.001839,3,2,0.818182,16.5,1,3,0.588905775075988,0.264669298142708,0.483379
rat46,12,230.4,1,0.026476,0.00434,0.007812,4,0,0.002092,3,2,0.714286,21,1,3,0.588107638888889,0,0.522449
rat47,169,92,2,0.066957,0.005217,0.003043,-1,0,0.001228,2,1,0.825,16,2,7,0.652173913043478,0,0.359375
rat48,17,123.2,2,0.050325,0.005682,0.013799,-1,0.010877,0.002881,1,2,0.75,18,1,3,0.418019480519481,0.85015092936961,0.380247
rat49,258,121,1,0.051736,0.004959,0.006033,4,0.001405,0.001132,1,1,0.852941,17,2,8,0.466942148760331,0.157003748809665,0.418685
rat50,12,132.4,2,0.047583,0.005483,0.016616,-1,0.001488,0.001684,3,2,0.694444,18,1,3,0.40785498489426,0.179818426575836,0.408642
rat51,169,109,2,0.057982,0.004495,0.015046,-1,0.001927,0.001642,2,1,0.8375,16,2,7,0.564220183486238,0.19062035960865,0.425781
rat52,251,182,2,0.035165,0.004945,0.011538,-1,0.007692,0.000687,2,2,0.837838,18.5,3,3,0.357142857142857,0.8754687373539,0.531775
rat53,81,104.4,1,0.061303,0.015326,0.009579,4,0,0.002835,2,2,0.666667,15,1,5,0.493295019157088,0,0.464
rat54,17,122.9,1,0.052075,0.005696,0.017087,4,0,0.003279,1,2,0.764706,17,1,3,0.504475183075671,0,0.42526
rat55,269,105.4,2,0.060721,0.004744,0.012334,-1,0.014421,0.001034,1,1,0.806897,14.5,2,6,0.317836812144213,0.924258901523332,0.501308
rat56,196,102,2,0.063137,0.004118,0.011667,-1,0.002941,0.000618,1,2,0.931034,14.5,2,8,0.338235294117647,0.262364264467491,0.485137
rat57,162,88,2,0.074318,0.005795,0.013636,-1,0,0.000818,1,1,0.962963,13.5,2,8,0.420454545454545,0,0.482853
rat58,258,131,1,0.05,0.00458,0.011603,4,0,0.000763,1,1,0.855556,18,2,8,0.633587786259542,0,0.404321
rat59,45,112,2,0.058929,0.005357,0.005357,-1,0.002679,0.002295,4,2,0.735294,17,1,5,0.660714285714286,0.262364264467491,0.387543
rat60,177,130.6,2,0.050536,0.00536,0.008423,-1,0.001531,0.000766,2,2,0.766304,18.4,1,5,0.650842266462481,0.182321556793955,0.385751
rat61,177,113,2,0.059115,0.007345,0.020442,-1,0,0.000496,1,1,0.921212,16.5,2,8,0.646017699115044,0,0.41506
rat62,83,90.2,1,0.074279,0.004435,0.013304,4,0,0.003758,2,2,0.709677,15.5,1,5,0.48780487804878,0,0.375442
rat63,81,63.4,2,0.105678,0.007886,0.020505,-1,0.000789,0.003407,2,2,0.714286,14,1,5,0.741324921135647,0.048790164169432,0.323469
rat64,66,120,2,0.055833,0.004167,0.016667,-1,0.001667,0.002442,4,2,0.757576,16.5,1,5,0.458333333333333,0.182321556793955,0.440771
rat65,177,124,1,0.055,0.004758,0.012742,4,0,0.00271,2,1,0.825,16,2,8,0.387096774193548,0,0.484375
rat66,230,236,2,0.029195,0.003559,0.015975,-1,0.009322,0.000797,2,1,0.843243,18.5,2,8,0.351694915254237,1.16315080980568,0.689554
rat67,82,82.2,2,0.083942,0.007299,0.019465,-1,0,0.004307,2,2,0.777778,13.5,1,5,0.54014598540146,0,0.451029
rat68,127,244,2,0.028525,0.004221,0.012418,-1,0.00291,0.00091,4,1,0.76,20,2,7,0.182377049180328,0.536493370514568,0.61
rat69,166,208,2,0.033654,0.004803,0.008654,-1,0.010577,0.00112,1,2,0.728571,21,3,3,0.161057692307692,1.16315080980568,0.471655
rat70,16,185.1,1,0.037817,0.004322,0.009184,4,0,0.001929,1,2,0.780488,20.5,1,3,0.359265262020529,0,0.440452
rat71,261,196,1,0.035714,0.003265,0.015969,4,0.034694,0.001342,1,1,0.696078,20.4,4,2,0.260204081632653,2.05412373369555,0.470973
rat72,221,151,2,0.046755,0.004834,0.015364,-1,0.001921,0.001093,1,1,0.852941,17,2,7,0.410596026490066,0.254642218373581,0.522491
rat73,16,146.6,2,0.048431,0.005457,0.01296,-1,0,0.001958,1,2,0.736842,19,1,3,0.354706684856753,0,0.406094
rat74,196,104,1,0.068462,0.004808,0.01125,4,0,0.001683,2,1,0.848276,14.5,2,8,0.5,0,0.494649
rat75,196,131,2,0.05458,0.002901,0.017863,-1,0,0.000634,1,2,0.903226,15.5,2,8,0.400763358778626,0,0.545265
rat76,167,170,1,0.042941,0.004353,0.011176,4,0.019412,0.003059,1,1,0.775,20,3,3,0.235294117647059,1.45861502269952,0.425
rat77,175,149.5,2,0.048829,0.005351,0.010702,-1,0.002676,0.002007,1,2,0.760417,19.2,1,5,0.066889632107023,0.336472236621213,0.405545
rat78,262,132,1,0.05553,0.004545,0.014318,1,0.003788,0.001553,1,1,0.824242,16.5,2,8,0.477272727272727,0.405465108108164,0.484848
rat79,66,195.9,1,0.037774,0.005615,0.009699,4,0,0.000909,4,2,0.666667,22.5,1,5,0.620214395099541,0,0.386963
rat80,196,140,2,0.053357,0.005214,0.017357,-1,0.003071,0.001057,2,2,0.870588,17,2,8,0.517857142857143,0.357674444271816,0.484429
rat81,81,88.7,1,0.084555,0.005637,0.015784,4,0,0.002593,3,2,0.7,15,1,5,0.56369785794814,0,0.394222
rat82,169,116,1,0.065603,0.004655,0.021293,4,0.002931,0.001147,4,1,0.817647,17,2,7,0.689655172413793,0.29266961396282,0.401384
rat83,177,130,1,0.059154,0.004,0.015462,4,0,0.001277,1,1,0.8,16.5,2,8,0.353846153846154,0,0.477502
rat84,166,152,1,0.050658,0.004671,0.014474,4,0.014474,0.000954,1,2,0.702703,18.5,3,3,0.289473684210526,1.16315080980568,0.44412
rat85,244,187,1,0.041444,0.003904,0.022727,4,0.002406,0.000807,1,1,0.774359,19.5,2,8,0.443850267379679,0.371563556432483,0.491782
rat86,16,142.8,1,0.054622,0.004902,0.030112,4,0,0.002535,1,2,0.8,17.5,1,3,0.420168067226891,0,0.466286
rat87,191,184,2,0.042935,0.004348,0.010326,-1,0.004348,0.001087,1,2,0.852792,19.7,1,5,0.543478260869565,0.587786664902119,0.474117
rat88,230,134,1,0.059179,0.004403,0.013657,4,0,0.001396,1,1,0.866667,16.5,2,8,0.455223880597015,0,0.492195
rat89,177,116.5,1,0.068584,0.003605,0.016996,4,0,0.00121,1,1,0.882759,14.5,2,8,0.665236051502146,0,0.554102
rat90,178,143.7,1,0.055672,0.003479,0.016006,4,0,0.000696,2,2,0.80814,17.2,1,5,0.626304801670146,0,0.485736
rat91,400,270,1,0.030556,0.00263,0.02637,4,0.028593,0.00197,1,6,0.866667,21,8,15,0.168518518518519,2.16561923792089,0.612245
rat92,177,149,1,0.05557,0.003893,0.013087,4,0,0.001121,2,1,0.771429,17.5,2,8,0.563758389261745,0,0.486531
rat93,230,175,2,0.047314,0.003429,0.011714,-1,0.005714,0.000611,1,1,0.838889,18,2,8,0.514285714285714,0.693147180559945,0.540123
rat94,171,147,1,0.056463,0.004762,0.014286,4,0,0.000816,1,2,0.805882,17,1,5,0.408163265306122,0,0.508651
rat95,258,188,1,0.044574,0.00383,0.016064,4,0.002766,0.000473,1,1,0.842105,19,2,8,0.359042553191489,0.418710334858185,0.520776
rat96,64,156,1,0.054038,0.004295,0.028718,4,0.002372,0.001077,1,1,0.794872,19.5,2,7,0.451923076923077,0.314810739840034,0.410256
rat97,196,133,1,0.063684,0.004887,0.015489,4,0.004211,0.002128,1,1,0.878788,16.5,2,8,0.458646616541353,0.444685821261446,0.488522
rat98,167,220,1,0.038636,0.005,0.010455,1,0.014545,0.000682,2,2,0.725,20,3,3,0.409090909090909,1.43508452528932,0.55
rat99,16,210.7,2,0.040342,0.005221,0.015187,-1,0.005695,0.00214,2,2,0.738095,21,1,3,0.472235405790223,0.78845736036427,0.477778
rat100,169,126,2,0.06746,0.005159,0.01881,-1,0.003889,0.000952,1,1,0.848485,16.5,2,7,0.349206349206349,0.398776119957368,0.46281
rat101,148,199,2,0.043065,0.004673,0.019698,-1,0.008945,0.001578,1,1,0.831579,19,2,8,0.266331658291457,1.02245092770255,0.551247
rat102,166,254,2,0.033858,0.003937,0.005118,-1,0.024016,0.001508,1,2,0.72093,21.5,3,3,0.155511811023622,1.96009478404727,0.549486
rat103,56,209,1,0.041148,0.005742,0.017225,4,0,0.001072,1,1,0.7,20,3,4,0.334928229665072,0,0.5225
rat104,45,198.3,1,0.043369,0.005043,0.014624,4,0,0.001841,4,2,0.74359,19.5,1,5,0.59505799293999,0,0.521499
rat105,196,179,1,0.048156,0.003799,0.023966,4,0.005587,0.001223,1,1,0.838889,18,2,8,0.455307262569832,0.693147180559945,0.552469
rat106,400,253,1,0.03415,0.003202,0.022806,4,0.057233,0.000783,1,6,0.819512,20.5,7,15,0.349802371541502,2.73954886816158,0.602023
rat107,400,303,1,0.028647,0.002904,0.013465,4,0.02099,0.001795,1,6,0.762791,21.5,9,15,0.16996699669967,1.99605993274078,0.655489
rat108,172,145.1,2,0.059959,0.004135,0.014473,-1,0.001378,0.000689,1,2,0.803371,17.8,1,5,0.482425913163336,0.182321556793955,0.45796
rat109,269,259.5,2,0.033526,0.004239,0.003854,-1,0.006936,0.000601,1,1,0.780952,21,2,6,0.235067437379576,1.02961941718116,0.588435
rat110,196,183,1,0.04776,0.003661,0.018852,1,0.008142,0.001426,3,1,0.778378,18.5,2,8,0.418032786885246,0.912282710476616,0.534697
rat111,64,137,1,0.064088,0.004964,0.009854,4,0.008905,0.002131,2,1,0.757576,16.5,2,7,0.700729927007299,0.797507195884188,0.503214
rat112,339,179,2,0.049106,0.004078,0.01352,-1,0.007542,0.001877,1,1,0.761111,18,2,6,0.37877094972067,0.854415328156068,0.552469
rat113,167,220,2,0.04,0.003636,0.010455,-1,0.013636,0.001455,1,2,0.75,20,3,3,0.272727272727273,1.38629436111989,0.55
rat114,179,167.6,1,0.052506,0.00358,0.01432,4,0,0.000597,2,2,0.755,20,1,5,0.536992840095465,0,0.419
rat115,16,216.2,1,0.040703,0.005088,0.027752,4,0,0.001725,2,2,0.738095,21,1,3,0.450971322849214,0,0.490249
rat116,276,137,1,0.064234,0.004307,0.012482,4,0,0.001584,1,1,0.745946,18.5,2,7,0.401459854014599,0,0.400292
rat117,94,141,1,0.062837,0.004752,0.010851,4,0,0.001837,3,1,0.890323,15.5,2,7,0.680851063829787,0,0.586889
rat118,400,275,1,0.032291,0.0028,0.019855,4,0.030764,0.001556,1,6,0.833333,21,8,15,0.345454545454545,2.24707238306379,0.623583
rat119,18,227,2,0.039207,0.005286,0.009692,-1,0,0.000938,4,2,0.871795,19.5,3,4,0.211453744493392,0,0.596976
rat121,217,177,1,0.050395,0.003616,0.024124,4,0.003729,0.001017,1,1,0.852941,17,2,8,0.338983050847458,0.506817602368452,0.612457
rat122,230,225,2,0.039689,0.003467,0.011511,-1,0.004133,0.00068,2,1,0.871795,19.5,2,8,0.333333333333333,0.657520002916794,0.591716
rat123,230,183,2,0.048907,0.003716,0.016448,-1,0.00459,0.001038,2,1,0.841026,19.5,2,8,0.532786885245902,0.609765571620894,0.481262
rat124,169,146,1,0.061575,0.004726,0.01726,4,0.004795,0.001404,1,1,0.866667,16.5,2,7,0.431506849315069,0.53062825106217,0.536272
rat125,261,174,2,0.051724,0.007184,0.012586,-1,0,0.002351,1,1,0.769231,19.5,4,2,0.052298850574713,0,0.457594
rat126,261,239,1,0.037657,0.003264,0.020586,4,0.025439,0.001314,1,1,0.833333,21,4,2,0.196652719665272,1.95727390770563,0.54195
rat127,261,214,1,0.042056,0.003411,0.016729,4,0.020234,0.00229,2,1,0.778846,20.8,4,2,0.224299065420561,1.67335123817775,0.494638
rat128,261,184,1,0.048913,0.003804,0.025707,1,0.011141,0.001255,1,1,0.846154,19.5,4,2,0.298913043478261,1.11514159061932,0.483892
rat129,261,176,1,0.051136,0.003125,0.018466,4,0.026477,0.002369,1,1,0.725,20,4,2,0.3125,1.73342389221509,0.44
rat130,261,155,1,0.058065,0.003548,0.020581,4,0.010323,0.001206,1,1,0.833333,18,4,2,0.438709677419355,0.955511445027436,0.478395
rat131,261,148,2,0.060811,0.003851,0.012365,-1,0.000973,0.001068,1,1,0.942857,17.5,4,2,0.52027027027027,0.134530892957606,0.483265
rat132,244,208,1,0.043365,0.004183,0.018702,4,0.00851,0.001096,1,1,0.820513,19.5,2,8,0.408653846153846,1.01884732019925,0.547009
rat133,169,204,2,0.044412,0.003775,0.017696,-1,0.006078,0.000833,1,1,0.891892,18.5,2,7,0.387254901960784,0.806475865866949,0.596056
rat134,174,169.5,2,0.053687,0.00354,0.00649,-1,0.0059,0.00177,1,2,0.8,19.5,1,5,0.48377581120944,0.693147180559945,0.445759
rat135,12,229,1,0.039738,0.004367,0.006987,4,0,0.001882,1,2,0.744186,21.5,1,3,0.48471615720524,0,0.495403
rat136,251,175,2,0.052571,0.005143,0.011429,-1,0.009143,0.000857,1,2,0.756098,20.5,3,3,0.4,0.955511445027436,0.416419
rat137,166,211,1,0.043602,0.004265,0.011848,1,0.017062,0.001422,1,1,0.756098,20.5,3,3,0.353080568720379,1.52605630349505,0.502082
rat138,19,179.8,2,0.051168,0.005006,0.00723,-1,0.005562,0.001874,3,2,0.789474,19,1,3,0.5706340378198,0.693147180559945,0.498061
rat139,148,286,2,0.032203,0.003531,0.01035,-1,0.008881,0.001608,2,1,0.825,20,2,8,0.298951048951049,1.26412672714568,0.715
rat140,196,101,1,0.091287,0.004158,0.024158,4,0,0.001119,1,1,0.855172,14.5,2,8,0.376237623762376,0,0.48038
rat141,251,224,1,0.041518,0.004464,0.012946,1,0.015625,0.000893,4,2,0.820513,19.5,3,3,0.401785714285714,1.50407739677627,0.589086
rat142,83,128.5,1,0.072374,0.006226,0.01323,4,0,0.002436,1,2,0.735294,17,1,5,0.43579766536965,0,0.444637
rat143,177,137,2,0.067956,0.004234,0.01219,-1,0.003139,0.001299,1,1,0.85,16,2,8,0.452554744525547,0.357674444271816,0.535156
rat144,400,332,1,0.028253,0.002952,0.014217,4,0.04988,0.001873,1,6,0.855814,21.5,8,15,0.239457831325301,2.86562358820697,0.718226
rat145,70,232,2,0.040517,0.003448,0.014224,-1,0.009914,0.0025,1,1,0.82439,20.5,2,9,0.232758620689655,1.19392246847243,0.552052
rat146,196,192,1,0.049063,0.004479,0.014792,2,0.003229,0.001766,1,1,0.837838,18.5,2,8,0.361979166666667,0.482426149244293,0.560993
rat147,169,238,2,0.039622,0.003866,0.019328,-1,0.006975,0.001492,1,1,0.772093,21.5,2,7,0.357142857142857,0.978326122793608,0.514873
rat148,16,200.5,1,0.047382,0.005486,0.010474,4,0,0.001626,3,2,0.780488,20.5,1,3,0.566084788029925,0,0.477097
rat149,45,156.5,1,0.060703,0.005112,0.015335,4,0,0.002479,2,2,0.717949,19.5,1,5,0.773162939297125,0,0.411571
rat150,148,141,2,0.068014,0.004681,0.019858,-1,0.004965,0.001482,1,1,0.90625,16,2,8,0.382978723404255,0.53062825106217,0.550781
rat151,251,233,2,0.041202,0.004721,0.006867,-1,0.013305,0.000751,1,2,0.772727,22,3,3,0.171673819742489,1.41098697371026,0.481405
rat152,126,158,1,0.060759,0.004538,0.011392,4,0.002722,0.001259,1,2,0.722222,18,3,5,0.522151898734177,0.357674444271816,0.487654
rat153,167,222,1,0.043243,0.004505,0.009459,3,0.011712,0.001757,3,2,0.707317,20.5,3,3,0.405405405405405,1.28093384546206,0.528257
rat154,82,136.4,2,0.070381,0.005132,0.010264,-1,0,0.001862,1,2,0.84375,16,1,5,0.351906158357771,0,0.532813
rat155,276,189,2,0.050794,0.003862,0.017725,-1,0.006455,0.001683,1,1,0.764103,19.5,2,7,0.484126984126984,0.797507195884188,0.497041
rat156,64,264,2,0.036477,0.004848,0.01125,-1,0.011894,0.001508,1,1,0.814286,21,2,7,0.297348484848485,1.42069578783722,0.598639
rat157,221,111,1,0.087027,0.004324,0.022432,4,0,0.001396,1,1,0.9,15,2,7,0.441441441441441,0,0.493333
rat158,177,154,1,0.063571,0.004805,0.012532,4,0,0.001695,2,1,0.794286,17.5,2,8,0.467532467532468,0,0.502857
rat159,56,281,1,0.034875,0.005338,0.016014,4,0,0.002354,2,1,0.818182,22,3,4,0.548042704626335,0,0.580579
rat160,172,170.3,2,0.057546,0.004698,0.008808,-1,0.00411,0.001174,4,2,0.671569,20.4,1,5,0.587199060481503,0.53062825106217,0.409218
rat161,162,307,2,0.03228,0.003225,0.016482,-1,0.007492,0.001059,1,1,0.785714,21,2,8,0.164495114006515,1.19392246847243,0.696145
rat162,169,358,2,0.027737,0.003939,0.012626,-1,0.005475,0.001464,1,1,0.777778,22.5,2,7,0.29608938547486,1.08518926833597,0.70716
rat163,167,192,2,0.052083,0.004792,0.010417,-1,0.051563,0.00099,2,2,0.75,20,3,3,0.3125,2.3887627892351,0.48
rat164,17,165.6,2,0.060386,0.004831,0.014493,-1,0.006643,0.001431,1,2,0.783784,18.5,1,3,0.495169082125604,0.741937344729377,0.483857
rat165,169,287,2,0.034843,0.003554,0.009895,-1,0.006307,0.001028,1,1,0.767442,21.5,2,7,0.331010452961672,1.03318448334565,0.620876
rat166,261,272,1,0.036765,0.003529,0.016765,1,0.024743,0.0015,1,1,0.73913,23,4,2,0.3125,2.04510886259933,0.514178
rat167,261,307,1,0.032573,0.003518,0.008827,4,0.008111,0.001322,1,1,0.755556,22.5,4,2,0.320846905537459,1.24990173621434,0.60642
rat168,250,315,2,0.032063,0.005079,0.006032,-1,0.008571,0.000794,1,2,0.708333,24,3,3,0.222222222222222,1.30833281965018,0.546875
rat169,169,288,2,0.035139,0.00375,0.008715,-1,0.014132,0.001132,1,1,0.737778,22.5,2,7,0.388888888888889,1.62334081760309,0.568889
rat170,250,204,1,0.05,0.004412,0.015196,4,0.011765,0.001201,3,2,0.894737,19,3,3,0.245098039215686,1.22377543162212,0.565097
rat171,166,230,1,0.044348,0.005652,0.018261,1,0.019565,0.000996,1,2,0.659091,22,3,3,0.378260869565217,1.70474809223843,0.475207
rat172,250,256,1,0.040234,0.003906,0.008594,1,0.017188,0.00125,3,2,0.809524,21,3,3,0.546875,1.68639895357023,0.580499
rat173,400,273,1,0.037875,0.003553,0.024872,4,0.01989,0.001766,1,6,0.853659,20.5,9,15,0.285714285714286,1.86097453824953,0.649613
rat174,244,242,1,0.042769,0.00343,0.012975,3,0.014132,0.001128,1,1,0.85,20,2,8,0.351239669421488,1.48613969608961,0.605
rat175,400,350,1,0.029657,0.002343,0.022829,4,0.050171,0.002049,2,6,0.809302,21.5,7,15,0.245714285714286,2.92100872735805,0.757166
rat176,17,261.6,2,0.039755,0.004587,0.008792,-1,0.004205,0.001537,1,2,0.652174,23,1,3,0.334480122324159,0.741937344729377,0.494518
rat177,30,270,1,0.038519,0.004593,0.011778,4,0.006852,0.001778,1,1,0.8,20,2,7,0.388888888888889,1.04731899428056,0.675
rat178,177,175,1,0.059543,0.003657,0.020743,4,0,0.002103,1,1,0.866667,18,2,8,0.522857142857143,0,0.540123
rat179,82,224.9,1,0.046687,0.004002,0.013339,1,0,0.001014,4,2,0.652174,23,1,5,0.627389951089373,0,0.425142
rat180,192,212.4,1,0.049435,0.003296,0.01177,4,0,0.001883,2,2,0.769608,20.4,1,5,0.800376647834275,0,0.510381
rat181,400,397,1,0.026448,0.00262,0.018665,4,0.066725,0.002443,1,6,0.813636,22,8,15,0.158690176322418,3.31382230217715,0.820248
rat182,400,359,1,0.029359,0.002758,0.022841,4,0.074095,0.001908,1,6,0.822727,22,9,15,0.243732590529248,3.3178157727231,0.741736
rat184,184,286.3,2,0.037024,0.003493,0.010479,-1,0.007684,0.000699,2,2,0.85,20,1,5,0.768424729304925,1.16315080980568,0.71575
rat185,400,364,1,0.029368,0.002665,0.020687,4,0.036951,0.002121,1,6,0.868293,20.5,8,15,0.212912087912088,2.67069441455844,0.866151
rat186,16,263.6,2,0.040592,0.003414,0.014416,-1,0.007587,0.002307,1,2,0.72093,21.5,1,3,0.434370257966616,1.09861228866811,0.570254
rat187,400,324,1,0.033179,0.002531,0.017654,4,0.021605,0.002358,1,6,0.887805,20.5,8,15,0.195987654320988,2.07944154167984,0.77097
rat188,400,366,1,0.029372,0.002377,0.017268,4,0.068552,0.002243,1,6,0.781818,22,8,15,0.177595628415301,3.26155209914864,0.756198
rat191,70,215,2,0.050233,0.005116,0.017674,-1,0.012093,0.001842,1,1,0.757895,19,2,9,0.323255813953488,1.28093384546206,0.595568
rat192,400,367,1,0.029428,0.002289,0.021281,4,0.029482,0.001638,1,6,0.795349,21.5,8,15,0.245231607629428,2.46979301197795,0.793943
rat193,196,123,2,0.087967,0.003577,0.009431,-1,0.002439,0.001407,1,1,0.877419,15.5,2,8,0.504065040650406,0.262364264467491,0.511967
rat194,135,252,2,0.043016,0.004643,0.008333,-1,0.004881,0.001794,1,1,0.72093,21.5,2,8,0.182539682539683,0.802001585472027,0.54516
rat195,169,320,2,0.033875,0.003875,0.013844,-1,0.004687,0.000978,1,1,0.804878,20.5,2,7,0.1828125,0.916290731874155,0.761452
rat196,30,201,2,0.054179,0.005224,0.02005,-1,0.004627,0.001741,5,1,0.831579,19,2,7,0.388059701492537,0.657520002916794,0.556787
rat197,251,312,2,0.034936,0.004167,0.005128,-1,0.017949,0.000721,1,2,0.767442,21.5,3,3,0.192307692307692,1.88706964903238,0.674959
rat198,258,248,1,0.044153,0.003427,0.01,1,0.013226,0.000601,1,1,0.775,20,2,8,0.413306451612903,1.45395300959371,0.62
rat199,167,221,2,0.049774,0.004072,0.00724,-1,0.01448,0.0019,1,1,0.775,20,3,3,0.135746606334842,1.43508452528932,0.5525
rat200,60,231.5,1,0.047516,0.004752,0.014687,1,0,0.000765,4,2,0.744186,21.5,1,5,0.545140388768898,0,0.500811
rat201,261,205,1,0.053659,0.003805,0.018585,1,0.010585,0.001268,1,1,0.8,20,4,2,0.302439024390244,1.15373158788919,0.5125
rat202,261,214,1,0.051402,0.002991,0.015421,4,0.008364,0.001318,1,1,0.85,20,4,2,0.327102803738318,1.02604159583327,0.535
rat203,261,214,1,0.051402,0.003458,0.016822,4,0.034346,0.001098,1,1,0.804878,20.5,4,2,0.336448598130841,2.12226153886276,0.509221
rat204,261,307,2,0.035831,0.004235,0.009805,-1,0.009609,0.001925,1,1,0.8,22.5,4,2,0.244299674267101,1.37371557891303,0.60642
rat205,400,367,1,0.030109,0.002316,0.021608,4,0.046431,0.001632,1,6,0.804651,21.5,9,15,0.223433242506812,2.89259151463448,0.793943
rat206,127,226,2,0.049027,0.004558,0.011681,-1,0.005796,0.002044,1,1,0.829016,19.3,2,7,0.316371681415929,0.837247524533702,0.606728
rat207,258,199,2,0.055779,0.003065,0.022362,-1,0.008894,0.001186,2,1,0.821622,18.5,2,8,0.577889447236181,1.01884732019925,0.581446
rat208,400,330,1,0.033667,0.002485,0.022818,4,0.053667,0.002094,1,6,0.813953,21.5,7,15,0.186363636363636,2.929058140286,0.713899
rat209,400,370,1,0.030135,0.002865,0.023784,4,0.042541,0.001881,1,6,0.836364,22,8,15,0.178378378378378,2.81780106506133,0.764463
rat210,127,239,2,0.047029,0.00477,0.009163,-1,0.010126,0.001435,1,1,0.756098,20.5,2,7,0.225941422594142,1.22964055107451,0.568709
rat211,135,311,2,0.036174,0.004019,0.013344,-1,0.014019,0.001923,1,1,0.763636,22,2,8,0.160771704180064,1.67896397508271,0.642562
rat212,196,221,1,0.050905,0.003348,0.021674,4,0.007964,0.000425,1,1,0.75,20,2,8,0.339366515837104,1.01523067972906,0.5525
rat213,400,385,1,0.029247,0.002494,0.014571,4,0.038286,0.002078,1,6,0.827907,21.5,8,15,0.263636363636364,2.75620524298926,0.832883
rat214,169,211,1,0.053412,0.004076,0.011137,2,0.001137,0.001118,1,1,0.794872,19.5,2,7,0.45260663507109,0.215111379616945,0.554898
rat215,251,298,2,0.037919,0.004362,0.007383,-1,0.012416,0.001057,1,2,0.755556,22.5,3,3,0.201342281879195,1.54756250871601,0.588642
rat216,64,254,1,0.044488,0.003858,0.007835,1,0.00311,0.001693,2,1,0.67234,23.5,2,7,0.393700787401575,0.582215619852664,0.459937
rat217,30,266,2,0.042481,0.004398,0.012331,-1,0.005677,0.002068,2,1,0.747619,21,2,7,0.430451127819549,0.920282753143692,0.603175
rat218,400,383,1,0.029504,0.002559,0.023342,4,0.060261,0.002486,1,6,0.813333,22.5,7,15,0.161879895561358,3.18138162044062,0.756543
rat219,248,328,2,0.034543,0.003567,0.007287,-1,0.009329,0.00086,1,1,0.767442,21.5,2,7,0.272865853658537,1.40118297361364,0.709573
rat220,94,178,2,0.063764,0.005112,0.016966,-1,0.005169,0.001989,1,1,0.766667,18,2,7,0.280898876404494,0.65232518603969,0.549383
rat221,244,356,2,0.03191,0.00323,0.010983,-1,0.012444,0.000657,1,2,0.75,22,2,8,0.221910112359551,1.69193913394584,0.735537
rat222,177,207,1,0.054976,0.004058,0.01715,4,0,0.000971,1,2,0.861111,18,2,8,0.408212560386473,0,0.638889
rat223,167,281,2,0.040569,0.003915,0.006406,-1,0.022776,0.001708,4,2,0.711111,22.5,3,3,0.142348754448399,2.00148000021012,0.555062
rat224,167,282,1,0.040426,0.004255,0.006383,1,0.013121,0.000922,2,2,0.733333,22.5,3,3,0.425531914893617,1.54756250871601,0.557037
rat225,81,156.3,1,0.072937,0.004479,0.017914,4,0,0.003077,2,2,0.684211,19,1,5,0.4510556621881,0,0.432964
rat226,230,270,2,0.042259,0.003222,0.011963,-1,0.012111,0.001078,2,1,0.804878,20.5,2,8,0.268518518518519,1.45161382724053,0.642475
rat227,244,184,1,0.062065,0.003641,0.014293,3,0.00587,0.000897,2,1,0.861111,18,2,8,0.573369565217391,0.732367893713227,0.567901
rat228,400,428,1,0.026846,0.002313,0.014766,4,0.059089,0.001477,1,6,0.764444,22.5,9,15,0.185747663551402,3.26918863874179,0.845432
rat229,250,276,1,0.041667,0.003623,0.003986,1,0.02029,0.000906,1,2,0.804878,20.5,3,3,0.307971014492754,1.88706964903238,0.656752
rat230,12,334,2,0.034431,0.004491,0.006886,-1,0.003593,0.000838,2,2,0.76087,23,1,3,0.291916167664671,0.78845736036427,0.63138
rat231,81,193.5,1,0.059432,0.004651,0.01292,4,0,0.000904,2,2,0.717949,19.5,1,5,0.527131782945736,0,0.508876
rat232,166,226,1,0.051327,0.005752,0.009292,1,0.002212,0.000668,1,2,0.804878,20.5,3,3,0.398230088495575,0.405465108108164,0.537775
rat233,169,204,1,0.057255,0.004461,0.016667,4,0.004069,0.001971,2,1,0.815385,19.5,2,7,0.656862745098039,0.60431596685333,0.536489
rat234,127,314,2,0.037484,0.004268,0.010255,-1,0.008121,0.001194,1,1,0.75,22,2,7,0.197452229299363,1.26694760348732,0.64876
rat235,400,310,1,0.037968,0.002645,0.027806,4,0.030516,0.001945,1,6,0.828571,21,9,15,0.279032258064516,2.34755845863678,0.702948
rat236,17,267.7,2,0.044079,0.004109,0.011954,-1,0.003736,0.001849,4,2,0.727273,22,1,3,0.339932760552858,0.693147180559945,0.553099
rat237,196,187,1,0.063102,0.003636,0.016631,1,0.003316,0.00146,1,1,0.882353,17,2,8,0.385026737967914,0.482426149244293,0.647059
rat238,400,329,1,0.035927,0.002918,0.015198,4,0.033617,0.001219,1,6,0.843902,20.5,9,15,0.188449848024316,2.48989419129904,0.782867
rat239,217,210,2,0.056333,0.003286,0.010476,-1,0.01119,0.000848,1,1,0.842105,19,2,8,0.211904761904762,1.20896034583698,0.581717
rat240,400,367,1,0.032262,0.002452,0.020654,4,0.056376,0.002417,1,6,0.795455,22,8,15,0.37874659400545,3.07685132483878,0.758264
rat241,221,259,2,0.04583,0.003668,0.010849,-1,0.009189,0.001166,2,1,0.781395,21.5,2,7,0.245173745173745,1.21787570949493,0.560303
rat242,258,271,1,0.043838,0.003985,0.013727,4,0.006347,0.000893,1,1,0.8,20,2,8,0.391143911439114,1.00063188030791,0.6775
rat243,94,154,1,0.077338,0.004481,0.013636,4,0.003831,0.001506,1,1,0.829412,17,2,7,0.574675324675325,0.46373401623214,0.532872
rat244,30,237,2,0.050506,0.004177,0.014135,-1,0.010169,0.001477,1,1,0.805263,19,2,7,0.337552742616034,1.22671229129543,0.65651
rat245,230,176,1,0.068125,0.003693,0.01358,4,0.003864,0.000852,1,1,0.815789,19,2,8,0.360795454545455,0.518793793415168,0.487535
rat246,83,136.9,2,0.087655,0.004383,0.016801,-1,0,0.002593,1,2,0.8125,16,1,5,0.361577794010226,0,0.534766
rat247,261,301,1,0.039867,0.003189,0.016777,1,0.016512,0.00113,1,1,0.755556,22.5,4,2,0.245847176079734,1.78674692740451,0.594568
rat248,261,211,1,0.056872,0.003981,0.014739,1,0.020379,0.00137,1,1,0.775,20,4,2,0.407582938388626,1.66770682055808,0.5275
rat249,261,281,1,0.042705,0.00363,0.021851,1,0.010107,0.001416,1,1,0.510638,23.5,4,2,0.377224199288256,1.34547236659964,0.508828
rat250,261,363,1,0.033058,0.003554,0.018072,1,0.008292,0.002628,1,1,0.723404,23.5,4,2,0.31404958677686,1.38879124131848,0.657311
rat251,261,336,1,0.035714,0.003958,0.0125,1,0.014435,0.002292,1,1,0.76087,23,4,2,0.357142857142857,1.76644166124377,0.635161
rat252,148,316,1,0.038101,0.004051,0.022025,2,0.001424,0.00112,2,1,0.857143,21,2,8,0.25,0.371563556432483,0.716553
rat253,177,252,2,0.047897,0.003849,0.016429,-1,0.00996,0.000786,1,1,0.785,20,2,8,0.331349206349206,1.25561603747777,0.63
rat254,127,339,2,0.035634,0.004454,0.011504,-1,0.004985,0.000732,1,1,0.711111,22.5,2,7,0.287610619469027,0.989541193613748,0.66963
rat255,400,423,1,0.028558,0.00227,0.018652,4,0.080946,0.0023,1,6,0.827273,22,9,15,0.125295508274232,3.56218180106798,0.873967
rat256,167,251,2,0.048606,0.003625,0.008367,-1,0.030677,0.001474,1,2,0.72093,21.5,3,3,0.199203187250996,2.16332302566054,0.542996
rat257,94,296,2,0.041351,0.004223,0.008041,-1,0.008277,0.001608,1,1,0.734884,21.5,2,7,0.275337837837838,1.23837423104327,0.640346
rat258,217,246,1,0.049837,0.004024,0.015894,1,0.005,0.001293,1,1,0.857895,19,2,8,0.436991869918699,0.802001585472027,0.68144
rat259,244,362,2,0.033923,0.003481,0.011326,-1,0.008508,0.000801,1,1,0.782609,23,2,8,0.165745856353591,1.40609698841607,0.68431
rat260,135,277,2,0.044332,0.004079,0.016895,-1,0.004224,0.001758,1,1,0.738095,21,2,8,0.252707581227437,0.774727167552368,0.628118
rat261,30,263,2,0.046692,0.004639,0.012319,-1,0.004183,0.001179,1,1,0.75,20,2,7,0.319391634980989,0.741937344729377,0.6575
rat262,250,310,1,0.039677,0.004194,0.007097,1,0.023548,0.000855,1,2,0.76087,23,3,3,0.354838709677419,2.11625551480255,0.586011
rat263,244,250,1,0.04928,0.00456,0.00688,2,0.00344,0.000712,1,2,0.752381,21,2,8,0.456,0.62057648772511,0.566893
rat264,400,365,1,0.033836,0.002411,0.019973,4,0.016658,0.002405,1,6,0.836364,22,7,15,0.231506849315068,1.95727390770563,0.754132
rat265,244,222,1,0.055676,0.003604,0.020045,3,0.014595,0.001113,3,1,0.810256,19.5,2,8,0.540540540540541,1.44456326924387,0.583826
rat266,135,399,2,0.031078,0.003759,0.00594,-1,0.004837,0.000905,2,1,0.790698,21.5,2,8,0.281954887218045,1.07500242302898,0.863169
rat267,400,453,1,0.027572,0.002428,0.021788,4,0.067329,0.002181,1,6,0.791111,22.5,8,15,0.171081677704194,3.44998754583159,0.894815
rat268,250,248,1,0.050403,0.003629,0.010081,1,0.020968,0.000746,1,2,0.785714,21,3,3,0.342741935483871,1.82454929205105,0.562358
rat269,251,316,2,0.039557,0.004747,0.012025,-1,0.010443,0.000807,2,2,0.777778,22.5,3,3,0.268987341772152,1.45861502269952,0.624198
rat270,16,262.5,1,0.047619,0.00419,0.008,4,0,0.001185,2,2,0.666667,24,1,3,0.447619047619048,0,0.455729
rat271,45,296.5,2,0.042159,0.004384,0.011467,-1,0.005396,0.00172,3,2,0.666667,24,1,5,0.539629005059022,0.955511445027436,0.514757
rat272,169,188,1,0.066543,0.005638,0.015532,4,0.001702,0.00184,1,1,0.815789,19,2,7,0.425531914893617,0.27763173659828,0.520776
rat273,169,223,1,0.056323,0.003767,0.016547,1,0.010179,0.001417,1,1,0.92973,18.5,2,7,0.484304932735426,1.18478998490916,0.65157
rat274,169,259,2,0.048571,0.003784,0.015212,-1,0.006332,0.001251,1,1,0.795238,21,2,7,0.324324324324324,0.970778917158225,0.587302
rat275,169,374,2,0.03369,0.003877,0.012727,-1,0.00385,0.000722,1,1,0.6,24,2,7,0.355614973262032,0.89199803930511,0.649306
rat276,258,308,2,0.040974,0.003214,0.012857,-1,0.011104,0.000604,1,1,0.834146,20.5,2,8,0.316558441558442,1.48613969608961,0.732897
rat277,94,252,2,0.050357,0.00496,0.011429,-1,0.005952,0.001028,1,1,0.707317,20.5,2,7,0.297619047619048,0.916290731874155,0.599643
rat278,230,232,1,0.054871,0.002974,0.008966,3,0.006164,0.000655,1,1,0.884211,19,2,8,0.280172413793103,0.887891257352457,0.642659
rat279,177,286,1,0.04458,0.004161,0.010804,3,0.009336,0.00079,1,1,0.84,20,2,8,0.337412587412587,1.30019166206648,0.715
rat280,167,150,1,0.085333,0.0042,0.012667,4,0.01,0.001467,1,1,0.772973,18.5,3,3,0.2,0.916290731874155,0.438276
rat281,17,283.5,2,0.04515,0.004586,0.014815,-1,0.006349,0.001951,2,2,0.711111,22.5,1,3,0.365079365079365,1.02961941718116,0.56
rat282,400,388,1,0.033015,0.002345,0.016753,4,0.045954,0.001526,1,6,0.813333,22.5,8,15,0.25,2.93545134266906,0.76642
rat283,64,336,2,0.038274,0.003839,0.010536,-1,0.00381,0.001485,1,1,0.772727,22,2,7,0.31547619047619,0.824175442966349,0.694215
rat284,339,314,1,0.040987,0.003694,0.011592,1,0.014968,0.002064,1,1,0.826923,20.8,2,6,0.371974522292994,1.7404661748405,0.725777
rat285,59,236.9,2,0.054453,0.004221,0.012241,-1,0.010975,0.001503,4,2,0.755556,22.5,1,5,0.320810468552132,1.28093384546206,0.467951
rat286,148,268,1,0.048246,0.00403,0.026604,2,0,0.000776,1,1,0.756098,20.5,2,8,0.395522388059701,0,0.637716
rat287,244,265,2,0.04883,0.004377,0.012868,-1,0.008415,0.001113,1,1,0.761905,21,2,8,0.328301886792453,1.17248213723457,0.600907
rat288,258,193.5,2,0.066925,0.003876,0.017261,-1,0.006202,0.00093,1,1,0.836842,19,2,8,0.496124031007752,0.78845736036427,0.536011
rat289,230,218,2,0.05945,0.003716,0.01789,-1,0.01,0.001394,1,1,0.773684,19,2,8,0.387614678899083,1.15688119679209,0.603878
rat290,196,208,2,0.062356,0.003413,0.012788,-1,0.005721,0.00151,1,1,0.832432,18.5,2,8,0.379807692307692,0.783901543828409,0.607743
rat291,261,270,1,0.048148,0.004037,0.012,1,0.033481,0.002133,1,1,0.772727,22,4,2,0.307407407407407,2.30657711426358,0.557851
rat292,261,352,1,0.036932,0.003693,0.014119,1,0.012188,0.001111,1,1,0.73913,23,4,2,0.409090909090909,1.66581824587021,0.665406
rat293,261,359,1,0.036212,0.003649,0.012256,4,0.007409,0.002454,1,1,0.75,24,4,2,0.426183844011142,1.29746314741328,0.623264
rat294,64,225,2,0.057911,0.004044,0.011022,-1,0.0088,0.001644,2,1,0.790698,21.5,2,7,0.417777777777778,1.09192330051731,0.48675
rat295,244,277,1,0.047184,0.004585,0.012383,4,0.001227,0.000758,2,1,0.781395,21.5,2,8,0.541516245487365,0.29266961396282,0.599243
rat296,250,337,2,0.038872,0.004748,0.006825,-1,0.010386,0.000846,1,2,0.714286,24.5,3,3,0.252225519287834,1.50407739677627,0.561433
rat297,30,340,2,0.038529,0.003676,0.005559,-1,0.008412,0.001206,1,1,0.756522,23,2,7,0.414705882352941,1.35066718347674,0.642722
rat298,400,465,1,0.028194,0.002215,0.015075,4,0.030903,0.002194,1,6,0.827907,21.5,7,15,0.205376344086022,2.7324175575505,1.005949
rat299,400,470,1,0.027915,0.002255,0.019745,4,0.040404,0.001832,1,6,0.786667,22.5,8,15,0.246808510638298,2.99523214851231,0.928395
rat301,400,405,1,0.032741,0.002519,0.019852,4,0.047235,0.001993,1,6,0.814286,21,7,15,0.161728395061728,3.0022112396517,0.918367
rat302,400,348,1,0.03842,0.00342,0.016552,4,0.021897,0.000865,1,6,0.809091,22,7,15,0.26867816091954,2.1540850846756,0.719008
rat303,244,240,2,0.055875,0.003417,0.020375,-1,0.007458,0.001483,2,1,0.81,20,2,8,0.385416666666667,1.02604159583327,0.6
rat304,127,224,1,0.060045,0.004509,0.019152,4,0.001964,0.000853,1,1,0.625,20,2,7,0.379464285714286,0.364643113587909,0.56
rat305,244,307,2,0.043909,0.003485,0.024528,-1,0.005016,0.00087,1,1,0.791111,22.5,2,8,0.338762214983713,0.932164081030445,0.60642
rat306,67,353.3,2,0.038211,0.00368,0.014152,-1,0.005661,0.001234,2,2,0.705882,25.5,1,5,0.280215114633456,1.09861228866811,0.543329
rat307,81,237.2,2,0.056914,0.004216,0.010118,-1,0.008853,0.001661,2,2,0.707317,20.5,1,5,0.512225969645869,1.1314021114911,0.564426
rat308,230,253,1,0.053399,0.003557,0.013478,1,0.009842,0.001087,1,1,0.871795,19.5,2,8,0.505928853754941,1.24990173621434,0.665352
rat309,127,302,2,0.044801,0.005695,0.009901,-1,0.003576,0.001258,1,1,0.744186,21.5,2,7,0.193708609271523,0.732367893713227,0.653326
rat310,230,295,1,0.045898,0.002949,0.013593,1,0.026373,0.001261,3,1,0.762791,21.5,2,8,0.58135593220339,2.17247640764703,0.638183
rat311,217,263,2,0.051559,0.003954,0.009734,-1,0.008745,0.001376,1,1,0.825,20,2,8,0.212927756653992,1.19392246847243,0.6575
rat312,230,378,2,0.035873,0.003148,0.009683,-1,0.008386,0.001296,1,2,0.781818,22,2,8,0.263227513227513,1.42791603581071,0.780992
rat313,400,383,1,0.035509,0.002663,0.024413,4,0.051384,0.001668,1,6,0.782222,22.5,7,15,0.219321148825065,3.02916704964023,0.756543
rat314,135,342,1,0.039825,0.004035,0.012076,3,0.013713,0.000801,1,1,0.787234,23.5,2,8,0.410818713450292,1.73871024813824,0.619285
rat315,127,266,1,0.051241,0.004173,0.023271,1,0.002556,0.002026,1,1,0.775,20,2,7,0.43796992481203,0.518793793415168,0.665
rat316,166,226,1,0.060619,0.00531,0.012389,1,0.014602,0.000615,1,2,0.755556,22.5,3,3,0.460176991150442,1.45861502269952,0.44642
rat317,30,265,1,0.051698,0.003811,0.015132,4,0.004415,0.001396,1,1,0.761905,21,2,7,0.464150943396226,0.774727167552368,0.600907
rat318,244,245,1,0.056,0.003837,0.01,3,0.009878,0.000747,3,1,0.8,20,2,8,0.528571428571429,1.22964055107451,0.6125
rat319,94,410,2,0.033634,0.004732,0.014415,-1,0.005268,0.001171,5,1,0.782609,23,2,7,0.119512195121951,1.15057202759882,0.775047
rat320,251,382,2,0.036126,0.005236,0.006806,-1,0.009948,0.000864,1,2,0.714286,24.5,3,3,0.261780104712042,1.56861591791385,0.636401
rat321,250,330,1,0.041818,0.005152,0.00697,1,0.013939,0.000561,1,2,0.729167,24,3,3,0.393939393939394,1.7227665977411,0.572917
rat322,12,279.5,2,0.049374,0.003936,0.007871,-1,0.005009,0.001503,1,2,0.75,22,1,3,0.352415026833631,0.8754687373539,0.577479
rat323,221,394,2,0.035025,0.003629,0.012487,-1,0.006269,0.001574,1,1,0.740426,23.5,2,7,0.197969543147208,1.24415459395877,0.713445
rat324,127,355,2,0.03907,0.004845,0.007634,-1,0.005972,0.000831,1,1,0.795455,22,2,7,0.187323943661972,1.13783300182139,0.733471
rat325,221,226,1,0.061504,0.003584,0.010664,2,0,0.001075,1,1,0.809524,21,2,7,0.455752212389381,0,0.512472
rat326,127,292,2,0.047808,0.006541,0.021541,-1,0.002089,0.001634,1,1,0.763636,22,2,7,0.229452054794521,0.476234178996372,0.603306
rat327,94,264,1,0.052955,0.004697,0.013902,3,0.010379,0.00133,1,1,0.746341,20.5,2,7,0.462121212121212,1.31908561142644,0.628198
rat328,261,319,1,0.043887,0.003762,0.01511,1,0.017022,0.000818,1,1,0.733333,22.5,4,2,0.266457680250784,1.86097453824953,0.630123
rat329,261,275,1,0.050909,0.003127,0.016364,1,0.003236,0.001287,3,1,0.75,22,4,2,0.530909090909091,0.636576829071551,0.568182
rat330,127,276,2,0.05087,0.004384,0.020109,-1,0.006159,0.001464,1,1,0.809524,21,2,7,0.277173913043478,0.993251773010283,0.62585
rat331,64,397,2,0.03539,0.004081,0.009597,-1,0.00937,0.001078,1,1,0.757447,23.5,2,7,0.250629722921914,1.55180879959746,0.718877
rat332,400,425,1,0.033082,0.002518,0.012659,4,0.119271,0.002056,1,6,0.860465,21.5,7,15,0.2,3.94526433920795,0.919416
rat333,162,314,1,0.044809,0.003503,0.015318,2,0,0.001548,1,1,0.755556,22.5,2,8,0.477707006369427,0,0.620247
rat334,248,348,2,0.040489,0.004195,0.012184,-1,0.00658,0.000664,1,1,0.790698,21.5,2,7,0.199712643678161,1.19088756477728,0.752839
rat335,94,317,1,0.044732,0.004732,0.011136,3,0,0.000978,1,1,0.837209,21.5,2,7,0.470031545741325,0,0.685776
rat336,64,256,1,0.055391,0.004961,0.010664,4,0.006445,0.001602,2,1,0.756098,20.5,2,7,0.65234375,0.974559639998131,0.609161
rat337,166,313,1,0.045367,0.004473,0.013419,4,0.023962,0.001067,4,2,0.744681,23.5,3,3,0.471246006389776,2.14006616349627,0.566772
rat338,70,414,2,0.0343,0.004348,0.007246,-1,0.011353,0.002546,1,2,0.744681,23.5,2,9,0.183574879227053,1.7404661748405,0.74966
rat339,70,366,2,0.038798,0.004372,0.009836,-1,0.00847,0.001831,1,2,0.795455,22,2,9,0.251366120218579,1.41098697371026,0.756198
rat340,339,412,2,0.034563,0.003835,0.00716,-1,0.006117,0.000883,1,1,0.835556,22.5,2,6,0.255097087378641,1.25846098961001,0.813827
rat341,196,356,1,0.040084,0.003146,0.009101,1,0.013455,0.000756,1,1,0.730233,21.5,2,8,0.422752808988764,1.7561322915849,0.770146
rat342,167,233,1,0.061373,0.004721,0.009442,1,4E-06,0.000987,3,2,0.775,20,3,3,0.55793991416309,0.000999500333083,0.5825
rat343,127,310,2,0.046226,0.004032,0.010323,-1,0.006548,0.001271,1,1,0.727273,22,2,7,0.279032258064516,1.10856261952128,0.640496
rat344,162,285,1,0.050316,0.00386,0.017018,2,0,0.001389,1,1,0.75,22,2,8,0.310526315789474,0,0.588843
rat345,230,268,1,0.053545,0.003955,0.013843,1,0.016082,0.001015,1,1,0.861538,19.5,2,8,0.373134328358209,1.66959183525385,0.704799
rat346,217,330,2,0.043606,0.003152,0.012515,-1,0.011303,0.000894,1,2,0.851163,21.5,2,8,0.337878787878788,1.55392520250384,0.713899
rat347,250,319,1,0.045141,0.004389,0.008464,1,0.005643,3.1E-05,2,2,0.717391,23,3,3,0.470219435736677,1.02961941718116,0.603025
rat348,70,269,2,0.053532,0.005204,0.013011,-1,0.011152,0.002071,1,1,0.809524,21,2,9,0.252788104089219,1.38629436111989,0.609977
rat349,339,403,2,0.036228,0.004467,0.010174,-1,0.00603,0.000546,1,1,0.789474,22.8,2,6,0.237468982630273,1.23256026117785,0.775239
rat350,148,339,2,0.043127,0.00354,0.012625,-1,0.009174,0.000767,1,1,0.763636,22,2,8,0.259587020648968,1.41342302850814,0.700413
rat351,64,262,1,0.055916,0.003969,0.01271,1,0.008053,0.001576,1,1,0.730233,21.5,2,7,0.347328244274809,1.13462272619114,0.566793
rat352,244,211,1,0.069479,0.003507,0.012844,3,0.010521,0.000844,1,1,0.756098,20.5,2,8,0.504739336492891,1.16938135955632,0.502082
rat353,169,252,1,0.058214,0.004246,0.014722,4,0.014087,0.002341,1,1,0.725581,21.5,2,7,0.452380952380952,1.51512723296286,0.54516
rat354,127,300,2,0.048933,0.004533,0.012033,-1,0.003633,0.001097,1,1,0.767442,21.5,2,7,0.191666666666667,0.73716406597672,0.648999
rat355,90,319.8,2,0.045966,0.005003,0.007817,-1,0,0.000757,1,2,0.894737,19,1,5,0.390869293308318,0,0.885873
rat356,70,322,1,0.045963,0.004348,0.014286,4,0,0.001652,2,2,0.819512,20.5,2,9,0.392857142857143,0,0.766211
rat357,127,384,2,0.038568,0.00526,0.010417,-1,0.005078,0.000917,4,1,0.73913,23,2,7,0.239583333333333,1.08180517035173,0.725898
rat358,127,344,1,0.043081,0.004622,0.012355,2,0.002297,0.001169,1,1,0.785714,21,2,7,0.45203488372093,0.582215619852664,0.780045
rat359,276,215,1,0.069023,0.004791,0.011907,4,0.002512,0.001405,2,1,0.666667,19.5,2,7,0.53953488372093,0.431782416425538,0.565417
rat360,64,310,1,0.047903,0.003516,0.00829,1,0.012258,0.001874,1,1,0.773148,21.6,2,7,0.458064516129032,1.56861591791385,0.664438
rat361,244,264,1,0.056326,0.004167,0.017538,4,0.004129,0.000909,1,1,0.871795,19.5,2,8,0.375,0.73716406597672,0.69428
rat362,166,227,1,0.065639,0.005286,0.015419,1,0,0.000498,3,2,0.738095,21,3,3,0.466960352422908,0,0.514739
rat363,64,313,2,0.047764,0.004601,0.008882,-1,0.008946,0.002272,1,1,0.747826,23,2,7,0.242811501597444,1.33500106673234,0.591682
rat364,127,333,2,0.044895,0.005315,0.007808,-1,0.005946,0.001571,1,1,0.730435,23,2,7,0.358858858858859,1.09192330051731,0.62949
rat365,30,388,2,0.038557,0.003866,0.008969,-1,0.005361,0.001495,4,1,0.72766,23.5,2,7,0.280927835051546,1.12492959698548,0.70258
rat366,251,284,1,0.052817,0.004225,0.009859,1,0.02993,0.000951,1,2,0.767442,21.5,3,3,0.387323943661972,2.2512917986065,0.614386
rat367,17,243.3,1,0.061652,0.004521,0.010686,4,0,0.002182,1,2,0.714286,21,1,3,0.41101520756268,0,0.551701
rat370,261,210,1,0.071429,0.003524,0.019048,3,0.004343,0.001152,1,1,0.85,20,4,2,0.383809523809524,0.64814981462921,0.525
rat371,261,353,2,0.042493,0.003768,0.015524,-1,0.004816,0.00234,1,1,0.787234,23.5,4,2,0.258923512747875,0.993251773010283,0.639203
rat372,261,240,1,0.0625,0.003917,0.0105,1,0.010458,0.002458,1,1,0.785714,21,4,2,0.3875,1.25561603747777,0.544218
rat373,261,289,1,0.051903,0.003426,0.01872,3,0.003294,0.001713,1,1,0.733333,22.5,4,2,0.401384083044983,0.668854487990901,0.570864
rat374,261,311,1,0.048232,0.003698,0.015723,4,0.006495,0.002068,1,1,0.795455,22,4,2,0.504823151125402,1.10525683138678,0.642562
rat375,135,201,1,0.074726,0.004527,0.014776,3,0.00194,0.001134,1,1,0.74359,19.5,2,8,0.325870646766169,0.3293037471426,0.5286
rat376,127,268,2,0.056045,0.004179,0.010224,-1,0.011828,0.00172,1,1,0.8,20,2,7,0.289179104477612,1.42791603581071,0.67
rat377,94,254,2,0.059528,0.005118,0.007677,-1,0.007047,0.001843,1,1,0.825641,19.5,2,7,0.375984251968504,1.02604159583327,0.667982
rat378,248,284,2,0.053239,0.003979,0.015387,-1,0.006831,0.001271,1,1,0.839024,20.5,2,7,0.360915492957747,1.07840958135059,0.675788
rat379,244,223,1,0.068206,0.003722,0.012735,1,0.015516,0.001332,1,1,0.873684,19,2,8,0.378923766816143,1.49514876603197,0.617729
rat380,135,446,2,0.03417,0.004036,0.010605,-1,0.005359,0.000883,1,1,0.76087,23,2,8,0.242152466367713,1.22082992139236,0.8431
rat381,250,305,1,0.050164,0.004918,0.008525,1,0.014754,0.000836,2,2,0.73913,23,3,3,0.39344262295082,1.70474809223843,0.57656
rat382,148,273,1,0.056117,0.004359,0.018571,4,0.00326,0.001099,1,1,0.772727,22,2,8,0.379120879120879,0.636576829071551,0.56405
rat383,64,315,2,0.048794,0.004,0.009524,-1,0.009302,0.00186,1,1,0.753488,21.5,2,7,0.266666666666667,1.36863942588117,0.681449
rat384,169,250,1,0.06156,0.00388,0.01548,4,0,0.001108,1,1,0.728889,22.5,2,7,0.488,0,0.493827
rat385,127,347,2,0.044553,0.004294,0.012709,-1,0.00562,0.001205,1,1,0.644444,22.5,2,7,0.262247838616715,1.08180517035173,0.685432
rat386,400,385,1,0.040182,0.002831,0.015013,4,0.032571,0.001021,1,6,0.831818,22,7,15,0.27012987012987,2.60564826748413,0.795455
rat387,166,298,1,0.052013,0.003691,0.008725,1,0.00906,0.000762,1,2,0.755556,22.5,3,3,0.369127516778524,1.30833281965018,0.588642
rat388,17,237.6,1,0.065236,0.00463,0.012626,4,0,0.002033,1,2,0.72093,21.5,1,3,0.39983164983165,0,0.514008
rat389,127,264,1,0.058864,0.004091,0.01072,3,0.005,0.001295,1,1,0.72093,21.5,2,7,0.560606060606061,0.841567185678219,0.57112
rat390,64,439,2,0.035718,0.004465,0.009613,-1,0.009271,0.001273,1,1,0.8,24,2,7,0.230068337129841,1.62334081760309,0.762153
rat391,101,394.4,2,0.039807,0.005071,0.010396,-1,0.003803,0.000502,4,2,0.5,23,1,5,0.339756592292089,0.916290731874155,0.745558
rat392,230,315,1,0.049937,0.003397,0.010127,3,0.009048,0.000781,1,1,0.767442,21.5,2,8,0.404761904761905,1.34807314829969,0.681449
rat393,162,334,1,0.047485,0.003952,0.012575,2,0,0.00106,1,1,0.791111,22.5,2,8,0.357784431137725,0,0.659753
rat394,221,305,2,0.052033,0.003967,0.012623,-1,0.004033,0.001056,1,1,0.818182,22,2,7,0.342622950819672,0.802001585472027,0.630165
rat395,64,304,2,0.052237,0.004572,0.012007,-1,0.008257,0.002089,2,1,0.75,22,2,7,0.263157894736842,1.25561603747777,0.628099
rat396,162,252,1,0.063056,0.004444,0.008016,3,0.004127,0.001405,1,1,0.75814,21.5,2,8,0.325396825396825,0.712949807856125,0.54516
rat397,258,232,1,0.068793,0.003319,0.016724,2,0,0.000711,1,1,0.875676,18.5,2,8,0.351293103448276,0,0.677867
rat398,67,308.3,1,0.051898,0.004217,0.008433,4,0,0.001609,4,2,0.744186,21.5,1,5,0.361660720077846,0,0.666955
rat399,177,319,2,0.050157,0.003918,0.015549,-1,0.00605,0.001257,1,1,0.731818,22,2,8,0.231974921630094,1.07500242302898,0.659091
rat400,261,273,1,0.058608,0.003516,0.022784,3,0.011941,0.003333,1,1,0.717391,23,4,2,0.362637362637363,1.44926916028128,0.516068
rat401,261,339,1,0.047198,0.003894,0.015369,2,0.004543,0.002115,1,1,0.804348,23,4,2,0.374631268436578,0.932164081030445,0.640832
rat402,261,315,1,0.050794,0.003524,0.021683,1,0.012444,0.00273,1,1,0.75,24,4,2,0.511111111111111,1.59330853050422,0.546875
rat403,262,280,2,0.057179,0.003143,0.009786,-1,0.010321,0.001179,1,1,0.763636,22,2,8,0.371428571428571,1.35840915763036,0.578512
rat404,244,377,1,0.04252,0.004138,0.00931,4,0.009841,0.000767,2,1,0.717391,23,2,8,0.330238726790451,1.54968790802833,0.712665
rat405,244,317,1,0.050631,0.003218,0.00489,3,0.00918,0.000609,1,1,0.809524,21,2,8,0.274447949526814,1.36353737399727,0.718821
rat406,167,226,1,0.071239,0.004027,0.015929,3,0.013717,0.002699,1,1,0.72093,21.5,3,3,0.176991150442478,1.41098697371026,0.488913
rat407,162,372,1,0.043333,0.003522,0.01121,2,0,0.000685,1,2,0.792,25,2,8,0.314516129032258,0,0.5952
rat408,217,321,1,0.050343,0.002928,0.014237,2,0.002274,0.000474,1,1,0.790909,22,2,8,0.338006230529595,0.548121408509688,0.663223
rat409,148,391,2,0.041407,0.003862,0.017749,-1,0.009821,0.001225,1,1,0.791111,22.5,2,8,0.327365728900256,1.57691472072854,0.772346
rat410,135,275,1,0.059018,0.003855,0.0108,4,0.026582,0.00152,1,1,0.763636,22,2,8,0.390909090909091,2.11745960886736,0.568182
rat411,258,278,1,0.058381,0.003597,0.015396,3,0.000576,0.00096,1,1,0.809091,22,2,8,0.431654676258993,0.148420005118273,0.57438
rat412,127,229,1,0.071048,0.003013,0.008646,1,0.00262,0.001734,4,1,0.788889,18,2,7,0.591703056768559,0.470003629245736,0.70679
rat413,244,357,1,0.045798,0.003221,0.006975,3,0.015602,0.001644,1,2,0.772727,22,2,8,0.288515406162465,1.88251383249652,0.737603
rat414,48,254.9,1,0.064339,0.004315,0.007454,1,0,0.001718,4,2,0.64,25,1,5,0.490388387602982,0,0.40784
rat415,172,329.3,1,0.049803,0.00577,0.007896,4,0,0.000674,4,2,0.68254,25.2,1,5,0.516246583662314,0,0.51855
rat416,64,366,2,0.044945,0.004098,0.011148,-1,0.010246,0.001746,1,1,0.772727,22,2,7,0.211748633879781,1.55814461804655,0.756198
rat417,244,278,1,0.059281,0.003309,0.007482,3,0.017266,0.001101,1,1,0.8,20,2,8,0.471223021582734,1.75785791755237,0.695
rat418,64,320,2,0.051719,0.003531,0.013594,-1,0.005125,0.00175,1,1,0.758333,24,2,7,0.2359375,0.970778917158225,0.555556
rat419,169,296,1,0.056014,0.00473,0.016554,2,0.000473,0.001385,2,1,0.818182,22,2,7,0.439189189189189,0.131028262406404,0.61157
rat420,64,278,1,0.059712,0.004496,0.018094,1,0.006259,0.001532,1,1,0.766667,21,2,7,0.368705035971223,1.00795792039998,0.630385
rat421,262,314,2,0.053535,0.003917,0.009268,-1,0.004427,0.000962,1,1,0.702128,23.5,2,8,0.304140127388535,0.871293365943419,0.568583
rat422,251,280,1,0.060357,0.004643,0.009643,1,4E-06,0.000393,1,2,0.837209,21.5,3,3,0.5,0.000999500333083,0.605733
rat423,48,400.8,2,0.042166,0.004242,0.007735,-1,0.006737,0.000936,3,2,0.698113,26.5,1,5,0.366766467065868,1.30833281965018,0.570737
rat424,16,291.8,1,0.057916,0.005141,0.01268,1,0,0.001165,2,2,0.708333,24,1,3,0.639136394790953,0,0.506597
rat425,94,301,2,0.056146,0.004219,0.010565,-1,0.006146,0.001811,1,1,0.761905,21,2,7,0.289036544850498,1.04731899428056,0.68254
rat426,244,278,1,0.060791,0.003058,0.00982,3,0.010935,0.000802,1,1,0.79,20,2,8,0.379496402877698,1.39624469197306,0.695
rat427,135,352,2,0.048097,0.003295,0.008551,-1,0.007699,0.001614,2,1,0.76087,23,2,8,0.228693181818182,1.31103187661934,0.665406
rat428,167,367,2,0.046322,0.003815,0.011989,-1,0.016894,0.001172,4,1,0.770833,24,3,3,0.136239782016349,1.97408102602201,0.637153
rat429,68,317,2,0.053628,0.003155,0.009464,-1,0,0.001069,3,1,0.73913,23,3,4,0.298107255520505,0,0.599244
rat430,261,273,1,0.062271,0.004945,0.010256,3,0.002564,0.001374,1,1,0.822222,22.5,4,2,0.416483516483517,0.53062825106217,0.539259
rat431,261,379,1,0.044855,0.003298,0.015356,1,0.014749,0.001718,1,1,0.782609,23,4,2,0.345646437994723,1.88555334851442,0.716446
rat432,261,274,1,0.062044,0.003175,0.019964,1,0.001898,0.001314,2,1,0.772727,22,4,2,0.529197080291971,0.418710334858185,0.566116
rat433,261,375,1,0.045333,0.004267,0.025467,1,0.005973,0.001907,1,1,0.76,25,4,2,0.389333333333333,1.17557332980424,0.6
rat435,64,280,1,0.06075,0.004643,0.011893,1,0.00575,0.002096,1,1,0.8,21,2,7,0.385714285714286,0.959350221334602,0.634921
rat436,94,236,1,0.072203,0.00411,0.012797,1,0.008347,0.001797,1,1,0.726829,20.5,2,7,0.353813559322034,1.08856195281461,0.56157
rat437,30,368,2,0.046467,0.003859,0.009647,-1,0.008016,0.001277,1,1,0.773913,23,2,7,0.300271739130435,1.37371557891303,0.695652
rat438,162,338,1,0.050858,0.004172,0.013166,3,0.004822,0.001272,1,1,0.8,23,2,8,0.440828402366864,0.966983846189673,0.638941
rat439,30,317,1,0.054259,0.003281,0.01123,3,0.009527,0.002114,2,1,0.786667,22.5,2,7,0.361198738170347,1.39128190263093,0.626173
rat440,169,241,1,0.071577,0.005436,0.007842,1,0.002988,0.001851,1,1,0.809524,21,2,7,0.443983402489627,0.542324290825362,0.546485
rat441,196,447,2,0.038591,0.004318,0.009866,-1,0.006622,0.000664,1,2,0.75,24,2,8,0.249440715883669,1.37624402526639,0.776042
rat442,217,234,1,0.073889,0.003632,0.014829,4,0.006538,0.000991,1,1,0.918919,18.5,2,8,0.5,0.928219302739429,0.683711
rat443,250,254,1,0.06811,0.003937,0.007874,1,0.002362,0.001024,3,2,0.666667,22.5,3,3,0.708661417322835,0.470003629245736,0.501728
rat444,148,321,1,0.053956,0.00433,0.014798,3,0.002274,0.001511,1,1,0.785,20,2,8,0.429906542056075,0.548121408509688,0.8025
rat445,262,334,2,0.052365,0.003982,0.013413,-1,0.005868,0.000937,1,1,0.790909,22,2,8,0.284431137724551,1.08518926833597,0.690083
rat446,94,307,1,0.056971,0.004658,0.012117,3,0,0.000928,2,1,0.863208,21.2,2,7,0.552117263843648,0,0.683072
rat447,70,327,1,0.053517,0.004587,0.016208,1,0.007951,0.001844,1,1,0.763636,22,2,9,0.397553516819572,1.28093384546206,0.67562
rat448,12,393.5,2,0.045235,0.004574,0.01169,-1,0.011436,0.001598,1,2,0.612245,24.5,1,3,0.274459974587039,1.70474809223843,0.65556
rat449,352,402,2,0.044279,0.004478,0.010697,-1,0.007463,0.001294,1,1,0.734783,23,2,7,0.29228855721393,1.38629436111989,0.759924
rat450,169,332,2,0.053916,0.003916,0.009759,-1,0.004367,0.001172,1,1,0.622222,22.5,2,7,0.280120481927711,0.896088024556636,0.655802
rat451,217,312,1,0.057372,0.004295,0.007372,4,0.003942,0.000724,1,2,0.827907,21.5,2,8,0.400641025641026,0.802001585472027,0.674959
rat452,269,342.8,1,0.052509,0.004084,0.005543,3,0.004959,0.000525,4,1,0.752174,23,2,6,0.427362893815636,0.993251773010283,0.648015
rat453,64,316,1,0.057057,0.004146,0.009209,1,0.011139,0.001658,1,1,0.819048,21,2,7,0.468354430379747,1.50851199384414,0.716553
rat454,30,326,1,0.055521,0.004448,0.010307,4,0.010706,0.002853,1,1,0.860465,21.5,2,7,0.395705521472393,1.50185270175416,0.705246
rat455,64,306,2,0.059216,0.005,0.01049,-1,0.003627,0.001876,1,1,0.833333,21,2,7,0.42483660130719,0.746687947487975,0.693878
rat456,64,500,2,0.03634,0.00386,0.00828,-1,0.01088,0.001592,1,1,0.733333,24,2,7,0.183,1.86252854011626,0.868056
rat457,148,341,1,0.053519,0.003871,0.014194,1,0.000616,0.000979,1,1,0.89,20,2,8,0.516129032258065,0.19062035960865,0.8525
rat458,162,379,1,0.048179,0.00438,0.013456,1,0.008364,0.00162,1,1,0.723404,23.5,2,8,0.377308707124011,1.42791603581071,0.686283
rat461,70,343,2,0.053353,0.005248,0.017493,-1,0.009621,0.002128,1,1,0.756522,23,2,9,0.24198250728863,1.45861502269952,0.648393
rat462,177,278,1,0.066079,0.004065,0.014928,2,0.005683,0.001554,1,1,0.825,20,2,8,0.336330935251799,0.947789398933526,0.695
rat463,177,391,1,0.047136,0.003708,0.009437,3,0.011151,0.001435,1,1,0.754545,22,2,8,0.315856777493606,1.67896397508271,0.807851
rat464,64,426,2,0.043333,0.004319,0.009202,-1,0.008521,0.001324,1,1,0.745833,24,2,7,0.330985915492958,1.53255686809814,0.739583
rat465,244,268,1,0.069216,0.003246,0.016455,3,0.010821,0.000922,1,1,0.77561,20.5,2,8,0.382462686567164,1.3609765531356,0.637716
rat466,230,324,1,0.057685,0.003025,0.010123,3,0.011019,0.000815,1,1,0.8,21,2,8,0.237654320987654,1.51951320490611,0.734694
rat467,248,258,1,0.072519,0.004225,0.013023,2,0.006628,0.000628,1,1,0.829268,20.5,2,7,0.507751937984496,0.99694863489161,0.61392
rat468,162,421,1,0.044489,0.003634,0.013682,3,0.008931,0.001608,1,1,0.730769,26,2,8,0.393111638954869,1.56024766824333,0.622781
rat469,59,351.5,2,0.053485,0.003414,0.015363,-1,0.011949,0.001238,2,2,0.717391,23,1,5,0.261735419630156,1.64865862558738,0.664461
rat470,269,367.8,1,0.051115,0.003535,0.011147,3,0.005166,0.000296,1,1,0.772727,22,2,6,0.345296356715606,1.06471073699243,0.759917
rat471,169,328,1,0.057439,0.003445,0.015976,3,0,0.000741,1,1,0.76,22.5,2,7,0.44359756097561,0,0.647901
rat472,352,475,2,0.039789,0.004421,0.011579,-1,0.005684,0.001021,1,1,0.713043,23,2,7,0.292631578947368,1.30833281965018,0.897921
rat473,101,287.5,1,0.066087,0.004174,0.016,4,0,0.001843,2,2,0.761905,21,1,5,0.542608695652174,0,0.651927
rat474,240,270,1,0.07037,0.003148,0.00837,1,0.00737,0.001226,1,1,0.770732,20.5,2,7,0.390740740740741,1.0952733874026,0.642475
rat475,261,382,2,0.049738,0.003455,0.018325,-1,0.005131,0.000751,1,1,0.770833,24,4,2,0.285602094240838,1.08518926833597,0.663194
rat476,64,333,1,0.057147,0.003724,0.009099,1,0.012432,0.001529,1,1,0.895238,21,2,7,0.33033033033033,1.63705307946707,0.755102
rat477,135,378,2,0.050397,0.004206,0.016455,-1,0.004974,0.001267,2,1,0.844444,22.5,2,8,0.227513227513228,1.05779029414785,0.746667
rat478,244,309,1,0.06165,0.003722,0.012654,4,0.002492,0.000773,1,1,0.76087,23,2,8,0.508090614886731,0.570979546585738,0.584121
rat479,94,264,1,0.072235,0.003674,0.01697,3,0.006364,0.001807,1,1,0.887179,19.5,2,7,0.454545454545455,0.985816794522765,0.69428
rat480,240,251,1,0.076454,0.003825,0.019761,2,0,0.000681,1,1,0.827907,21.5,2,7,0.340637450199203,0,0.542996
rat481,221,278,1,0.069029,0.004029,0.021151,1,0,0.000406,1,1,0.778302,21.2,2,7,0.485611510791367,0,0.618548
rat482,19,399.9,2,0.048262,0.004001,0.014254,-1,0.004501,0.00119,1,2,0.729167,24,1,3,0.31582895723931,1.02961941718116,0.694271
rat483,217,393,1,0.049186,0.004173,0.011985,1,0.008524,0.001244,2,1,0.772727,22,2,8,0.372773536895674,1.47017584510059,0.811983
rat484,352,272,1,0.071324,0.004779,0.021691,2,0.001838,0.001055,1,1,0.73,20,2,7,0.380514705882353,0.405465108108164,0.68
rat487,64,408,2,0.047696,0.005172,0.008676,-1,0.007255,0.001319,1,1,0.75,24,2,7,0.33578431372549,1.37624402526639,0.708333
rat488,90,380.1,1,0.051302,0.003946,0.008419,1,0,0.001344,3,2,0.833333,21,1,5,0.526177321757432,0,0.861905
rat489,322,291,1,0.067216,0.004227,0.023849,2,0,0.000973,1,1,0.777778,22.5,2,8,0.513745704467354,0,0.574815
rat490,167,354,1,0.055367,0.00452,0.00904,2,0.013559,0.001073,2,2,0.75,24,3,3,0.451977401129944,1.75785791755237,0.614583
rat491,322,299,1,0.065686,0.004515,0.013846,2,0,0.000518,2,1,0.828571,21,2,8,0.608695652173913,0,0.678005
rat492,261,386,1,0.051036,0.004093,0.011839,4,0.012487,0.001684,1,1,0.891304,23,4,2,0.419689119170984,1.76130026174335,0.729679
rat493,169,289,1,0.068201,0.00346,0.012007,3,0.005606,0.002087,1,1,0.790244,20.5,2,7,0.484429065743945,0.963174317773006,0.687686
rat494,167,317,1,0.062461,0.004732,0.011356,3,0.007886,0.000726,1,2,0.659091,22,3,3,0.378548895899054,1.25276296849537,0.654959
rat495,82,376.6,2,0.052841,0.003452,0.013277,-1,0,0.000818,1,2,0.73913,23,1,5,0.324747742963356,0,0.711909
rat496,217,244,1,0.082131,0.003402,0.022418,1,0.004057,0.000926,1,1,0.756098,20.5,2,8,0.5,0.688134638736401,0.580607
rat497,244,270,1,0.074407,0.004407,0.020519,4,0.006111,0.001985,1,1,0.780952,21,2,8,0.461111111111111,0.974559639998131,0.612245
rat498,90,403.9,2,0.049765,0.005199,0.015846,-1,0,0.000909,2,2,0.613636,22,1,5,0.294874969051745,0,0.834504
rat499,127,300,1,0.0671,0.003433,0.013667,3,0.0114,0.00093,4,1,0.809524,21,2,7,0.486666666666667,1.48613969608961,0.680272
rat500,230,333,1,0.060841,0.004234,0.017327,4,0.001832,0.000495,1,1,0.764444,22.5,2,8,0.373873873873874,0.476234178996372,0.657778
rat501,135,372,2,0.054866,0.00414,0.010215,-1,0,0.001575,1,1,0.665217,23,2,8,0.30510752688172,0,0.703214
rat502,177,355,1,0.057972,0.004085,0.011831,3,0.005577,0.000676,1,1,0.737778,22.5,2,8,0.325352112676056,1.09192330051731,0.701235
rat503,127,351,1,0.058889,0.003732,0.010228,3,0.008519,0.001556,2,1,0.77619,21,2,7,0.645299145299145,1.38379123090177,0.795918
rat504,162,303,1,0.068581,0.003762,0.01703,3,0.004488,0.001099,1,1,0.777273,22,2,8,0.491749174917492,0.858661619037519,0.626033
rat505,269,289.5,1,0.072193,0.003454,0.014853,3,0.0038,0.000497,1,1,0.92973,18.5,2,6,0.402417962003454,0.741937344729377,0.845873
rat506,135,367,2,0.057003,0.004332,0.012725,-1,0.004932,0.00155,1,1,0.773913,23,2,8,0.303814713896458,1.03318448334565,0.693762
rat507,196,398,1,0.052588,0.004447,0.017814,3,0.002085,0.001508,1,1,0.761702,23.5,2,8,0.349246231155779,0.60431596685333,0.720688
rat508,269,318.9,1,0.065851,0.003136,0.012857,3,0.005644,0.001063,1,1,0.790476,21,2,6,0.368454060834117,1.02961941718116,0.723129
rat509,258,447,1,0.04698,0.004519,0.021723,4,0.012506,0.001262,1,1,0.726531,24.5,2,8,0.391498881431767,1.88555334851442,0.74469
rat510,135,361,1,0.058947,0.00374,0.01338,3,0.009529,0.001704,3,1,0.708696,23,2,8,0.524930747922438,1.49065437644413,0.68242
rat511,64,345,1,0.061739,0.003159,0.011536,1,0.006203,0.00131,1,1,0.804651,21.5,2,7,0.420289855072464,1.14422279992016,0.746349
rat512,230,332,1,0.064277,0.003494,0.012771,4,0.014157,0.001654,1,1,0.842857,21,2,8,0.411144578313253,1.7404661748405,0.752834
rat513,135,344,1,0.062384,0.003866,0.009215,3,0.018924,0.00166,1,1,0.764444,22.5,2,8,0.332848837209302,2.01623546577604,0.679506
rat514,162,380,1,0.0565,0.004974,0.016447,3,0.004237,0.001776,1,1,0.826087,23,2,8,0.510526315789474,0.959350221334602,0.718336
rat515,230,358,1,0.060168,0.00419,0.010056,3,0.009497,0.001522,1,1,0.777778,22.5,2,8,0.270949720670391,1.48160454092422,0.70716
rat516,177,420,1,0.05131,0.004095,0.0155,2,0.005262,0.001102,2,1,0.783333,24,2,8,0.373809523809524,1.16627093714192,0.729167
rat517,127,259,1,0.083398,0.004093,0.034093,4,0,0.00122,1,1,0.878049,20.5,2,7,0.55984555984556,0,0.6163
rat518,261,336,1,0.065476,0.00381,0.014286,3,0.006637,0.001384,1,1,0.76087,23,4,2,0.369047619047619,1.17248213723457,0.635161
rat519,261,367,1,0.059946,0.003678,0.01673,2,0.003651,0.001733,5,1,0.75,24,4,2,0.438692098092643,0.85015092936961,0.637153
rat521,400,306,1,0.07232,0.003856,0.024085,4,0.01183,0.001471,1,6,0.895,20,8,15,0.444444444444444,1.53039470509365,0.765
rat522,166,338,1,0.06568,0.004438,0.010651,1,0.010059,0.001775,3,1,0.716667,24,3,3,0.384615384615385,1.48160454092422,0.586806
rat523,177,370,1,0.060162,0.003784,0.019568,3,0.000584,0.000681,1,2,0.747826,23,2,8,0.402702702702703,0.195566783543975,0.699433
rat524,135,462,1,0.048571,0.004004,0.010238,2,0.003528,0.000905,3,1,0.782609,23,2,8,0.305194805194805,0.966983846189673,0.873346
rat525,230,286,1,0.079161,0.002692,0.008741,1,0.01049,0.001329,1,1,0.780952,21,2,8,0.312937062937063,1.38629436111989,0.648526
rat526,244,287,1,0.079094,0.00338,0.015505,2,0.007247,0.001115,1,1,0.752381,21,2,8,0.390243902439024,1.12492959698548,0.650794
rat527,230,419,1,0.054272,0.00358,0.010453,2,0.005513,0.001484,1,1,0.774468,23.5,2,8,0.451073985680191,1.19694818938897,0.758714
rat528,196,359,1,0.063426,0.003259,0.018496,2,0,0.000487,1,1,0.829268,20.5,2,8,0.396935933147632,0,0.854253
rat529,135,299,1,0.076221,0.003612,0.010468,3,0.006254,0.001217,1,1,0.772093,21.5,2,8,0.491638795986622,1.05431202977153,0.646836
rat530,94,405,2,0.056494,0.004543,0.010667,-1,0.004914,0.001585,1,1,0.768182,22,2,7,0.262962962962963,1.0952733874026,0.836777
rat531,244,313,1,0.073227,0.003898,0.018914,3,0.003003,0.000843,1,1,0.755556,22.5,2,8,0.389776357827476,0.662687973075237,0.618272
rat532,127,376,2,0.06109,0.004149,0.006995,-1,0.006303,0.001239,1,1,0.744681,23.5,2,7,0.202127659574468,1.21491274436427,0.680851
rat533,261,302,1,0.076159,0.004106,0.017152,2,0.000662,0.000921,2,1,0.782609,23,4,2,0.406622516556291,0.182321556793955,0.570888
rat534,196,298,1,0.077483,0.004027,0.020067,2,0.003188,0.000993,1,1,0.804878,20.5,2,8,0.369127516778524,0.667829372575655,0.709102
rat535,135,254,1,0.091102,0.004685,0.012402,2,0,0.001114,1,1,0.731707,20.5,2,8,0.46259842519685,0,0.604402
rat536,177,342,1,0.067749,0.003392,0.015175,4,0.006433,0.001167,1,1,0.866667,21,2,8,0.350877192982456,1.16315080980568,0.77551
rat537,148,311,1,0.075209,0.004277,0.016752,4,0.004469,0.00065,1,1,0.666667,24,2,8,0.514469453376206,0.871293365943419,0.539931
rat538,169,275,1,0.085382,0.004036,0.022545,2,0,0.00112,2,1,0.761905,21,2,7,0.572727272727273,0,0.623583
rat539,162,368,1,0.063859,0.004348,0.014538,2,0.001821,0.000679,1,1,0.770833,24,2,8,0.407608695652174,0.512823626428664,0.638889
rat540,177,335,1,0.070597,0.003582,0.018418,3,0.00209,0.001131,2,1,0.804348,23,2,8,0.31044776119403,0.53062825106217,0.63327
rat541,196,315,1,0.075111,0.004635,0.021143,2,0.000762,0.000629,1,2,0.761905,21,2,8,0.379365079365079,0.215111379616945,0.714286
rat542,269,264.6,1,0.089569,0.004157,0.017385,3,0.001134,0.000854,1,1,0.829268,20.5,2,6,0.442176870748299,0.262364264467491,0.629625
rat543,127,384,1,0.061719,0.003542,0.009844,3,0.011901,0.000833,1,1,0.773333,22.5,2,7,0.55078125,1.71739505393919,0.758519
rat544,217,383,1,0.062324,0.00389,0.0153,2,0.001984,0.001227,1,1,0.883721,21.5,2,8,0.339425587467363,0.56531380905006,0.828556
rat545,162,284,1,0.084225,0.003979,0.014824,2,0.006127,0.000937,1,1,0.790698,21.5,2,8,0.498239436619718,1.00795792039998,0.614386
rat546,169,340,1,0.070529,0.004118,0.013735,3,0.003294,0.001535,1,1,0.767442,21.5,2,7,0.470588235294118,0.751416088683921,0.735533
rat547,262,326,1,0.074141,0.003497,0.007454,3,0.007055,0.001221,1,1,0.776744,21.5,2,8,0.398773006134969,1.19392246847243,0.705246
rat548,276,455,2,0.054088,0.003824,0.011495,-1,0.006769,0.001018,1,1,0.767347,24.5,2,7,0.246153846153846,1.40609698841607,0.758017
rat549,244,325,1,0.075969,0.003508,0.013538,3,0.003969,0.000769,1,1,0.814286,21,2,8,0.333846153846154,0.828551817566148,0.736961
rat550,64,335,1,0.073731,0.003851,0.02,4,0.006716,0.001325,1,1,0.765217,23,2,7,0.438805970149254,1.17865499634165,0.63327
rat551,276,370,1,0.066838,0.003324,0.034892,2,0,0.000508,1,1,0.778723,23.5,2,7,0.478378378378378,0,0.669986
rat552,230,356,1,0.070843,0.004129,0.019691,2,0.01236,0.001598,1,1,0.787234,23.5,2,8,0.466292134831461,1.68639895357023,0.644636
rat553,135,340,1,0.074559,0.003794,0.016118,2,0.002588,0.001047,1,1,0.727273,22,2,8,0.436764705882353,0.631271776841858,0.702479
rat554,162,316,1,0.080918,0.004177,0.017373,2,0,0.001244,1,1,0.7,22,2,8,0.332278481012658,0,0.652893
rat555,148,308,1,0.083214,0.003896,0.024545,3,0.001948,0.000477,1,1,0.809524,21,2,8,0.311688311688312,0.470003629245736,0.698413
rat556,162,383,1,0.067441,0.004282,0.015144,3,0.005483,0.000264,2,1,0.717391,23,2,8,0.408616187989556,1.1314021114911,0.724008
rat557,94,348,1,0.074684,0.004052,0.011034,1,0.019856,0.0015,2,1,0.767442,21.5,2,7,0.554597701149425,2.06812778177956,0.752839
rat558,166,373,1,0.069705,0.003485,0.002949,2,0.00992,0.000697,1,1,0.77551,24.5,3,3,0.386058981233244,1.54756250871601,0.621408
rat559,94,377,1,0.07008,0.004589,0.014403,1,0.010928,0.001326,2,1,0.790698,21.5,2,7,0.481432360742706,1.63315443905142,0.815576
rat560,162,444,1,0.05955,0.004347,0.015541,2,0.000856,0.000847,1,1,0.795918,24.5,2,8,0.265765765765766,0.322083499169113,0.739692
rat561,169,367,1,0.072371,0.003842,0.015286,2,0.002371,0.001362,1,1,0.651163,21.5,2,7,0.419618528610354,0.625938430866495,0.793943
rat562,127,404,1,0.066559,0.004307,0.007153,3,0.009282,0.001517,1,1,0.791667,24,2,7,0.402227722772277,1.55814461804655,0.701389
rat563,135,388,1,0.070541,0.004562,0.019742,3,0.011649,0.00158,2,1,0.857143,21,2,8,0.471649484536082,1.708377860289,0.879819
rat564,169,345,1,0.079536,0.004406,0.016348,2,0,0.001362,1,1,0.822727,22,2,7,0.449275362318841,0,0.71281
rat565,339,358,1,0.076899,0.004581,0.011061,2,0.002318,0.000709,1,1,0.81982,22.2,2,6,0.410055865921788,0.60431596685333,0.726402
rat566,177,387,1,0.071214,0.003282,0.010827,3,0.00553,0.001354,1,1,0.75,24,2,8,0.490956072351421,1.14422279992016,0.671875
rat567,162,368,1,0.075326,0.003614,0.02394,2,0,0.002084,1,1,0.795652,23,2,8,0.5,0,0.695652
rat568,177,385,1,0.072026,0.003896,0.022779,3,0.001403,0.000592,1,1,0.68,25,2,8,0.464935064935065,0.431782416425538,0.616
rat569,179,435.9,1,0.064694,0.004359,0.020647,4,0,0.000688,1,2,0.784404,21.8,1,5,0.642349162651984,0,0.917221
rat570,177,384,1,0.074219,0.003724,0.010469,2,0.002917,0.001495,1,1,0.8,23,2,8,0.38671875,0.751416088683921,0.725898
rat571,177,388,1,0.073479,0.003479,0.014562,2,0.006031,0.001345,1,1,0.808333,24,2,8,0.405927835051546,1.20597080698861,0.673611
rat572,81,453,1,0.063135,0.003532,0.012804,1,0,0.001534,4,2,0.866667,22.5,1,5,0.465783664459161,0,0.894815
rat573,276,358,1,0.080447,0.004441,0.016564,3,0,0.000617,2,1,0.755556,22.5,2,7,0.56145251396648,0,0.70716
rat574,127,442,1,0.067738,0.003507,0.013552,3,0.010656,0.002602,1,1,0.808163,24.5,2,7,0.372171945701357,1.74221902366792,0.73636
rat575,269,381.8,1,0.078575,0.003667,0.014667,4,0.004976,0.001035,1,1,0.777273,22,2,6,0.381089575694081,1.06471073699243,0.788843
rat576,169,416,1,0.079303,0.003918,0.01476,1,0.004087,0.001337,1,1,0.76087,23,2,7,0.469951923076923,0.993251773010283,0.786389
rat577,244,476,1,0.080693,0.004286,0.008803,2,0.007437,0.001592,1,1,0.714286,24.5,2,8,0.380252100840336,1.51292701205326,0.793003
rat578,230,459,1,0.085251,0.003682,0.016144,2,0.001089,0.001218,1,1,0.816327,24.5,2,8,0.517429193899782,0.405465108108164,0.764681
rat120,166,253,2,0.035178,3.968379,0.005138,-1,0.013043,0.000794,4,2,0.727273,22,3,3,0.189723320158103,1.45861502269952,0.522727
rat434,258,55,1,0.309273,0.016364,0.075636,4,0.004545,0.003236,1,1,0.829268,20.5,2,8,0.214545454545455,0.22314355131421,0.130874
