id,day,weight,gender,adrenal,liver,heart,appendix,femstate,gonfat,bat,sulcer,kmethod,tail,blength,place,intestine,year,ADWBWind,gonind
rat1,67,22,1,10,0.8,0.112,0.3,4,0,0.041,1,3,7.5,10.5,2, ,5,0.454545455,0
rat2,251,182,1,55,1.9,0.8,1.6,4,4.2,0.135,3,3,13,19.5,1, ,3,0.302197802,1.648658626
rat3,230,37.5,1,24.5,1.92,0.23,0.78,4,0,0.055,2,1,9.5,10.5,3,82,8,0.653333333,0
rat4,261,45,2,11.7,2.13,0.25,4.73, ,13.2,0.098,1,1,10,11.5,9, ,2,0.26,2.653241965
rat5,262,43,1,21.5,2.26,0.23,0.93,4,0,0.081,1,1,9,12.5,3,85,8,0.5,0
rat6,169,40,1,23,2.29,0.26,0.56,4,0,0.117,2,1,9.5,11.5,3,90,7,0.575,0
rat7,230,50,2,30.5,2.34,0.24,0.4, ,0.14,0.071,2,1,9.5,11.5,3,86,8,0.61,0.131028262
rat8,261,48,2,20.4,2.41,0.28,0.49, ,0.089,0.148,1,1,11,12.5,9, ,2,0.425,0.085259844
rat9,162,46,1,20,2.64,0.27,0.65,4,0,0.062,1,1,10.5,12,3,91,8,0.434782609,0
rat10,169,53,1,34,2.74,0.26,0.98,4,0,0.071,1,1,9.4,13,3,91,7,0.641509434,0
rat11,217,46,2,22,2.79,0.22,0.6, ,0.057,0.059,1,1,9.8,11.5,3,100,8,0.47826087,0.055434707
rat12,339,46,1,26.7,2.86,0.21,0.49, ,0,0.029,4,1,10.5,12.5,3,124,6,0.580434783,0
rat13,177,47,2,37,2.91,0.22,1.17, ,0,0.07,2,1,9.1,12,3,87,8,0.787234043,0
rat14,177,58,2,26.5,3,0.304,0.61, ,0,0.094,1,1,10,11.5,3,96,8,0.456896552,0
rat15,261,59,1,18.5,3,0.3,1.2,4,0,0.074,1,1,11.5,13,9, ,2,0.313559322,0
rat16,196,54,2,15,3.07,0.29,2.67, ,0.058,0.053,2,1,9,13,3,88,8,0.277777778,0.056380333
rat17,258,58.5,2,57,3.13,0.3,0.79, ,0.13,0.164,2,1,10.5,13,3,80,8,0.974358974,0.122217633
rat18,166,63,2,20,3.3,0.4,1.2, ,0.176,0.135,1,1,10.5,14,1, ,3,0.317460317,0.162118849
rat19,162,58,2,20,3.43,0.33,1.34, ,0,0.071,1,1,11,13,3,105,8,0.344827586,0
rat20,240,60,2,30,3.44,0.34,0.89, ,0,0.071,1,1,10.5,13,3,94,7,0.5,0
rat21,177,56,2,42,3.49,0.36,0.61, ,0,0.055,1,1,11,12.5,3,114,8,0.75,0
rat22,261,75,1,20,3.73,0.35,1.31,4,0.12,0.13,1,1,12.5,14.5,9, ,2,0.266666667,0.113328685
rat23,253,27.5,2,24, , , , ,0,0.054,1,3,7.5,10,3, ,6,0.872727273,0
rat24,81,55.9,2,34,3.9,0.4,0.9, ,0.05,0.272,3,3,9.5,13,2, ,5,0.60822898,0.048790164
rat25,354,79.6,2,56,3.9,0.527,1.6, ,0,0.252,5,3,10.5,15.5,2, ,4,0.703517588,0
rat26,269,70.4,1,34,4,0.4,1,4,0,0.126,1,1,10.5,12.5,3,108,6,0.482954545,0
rat27,196,68,2,28.5,4.1,0.29,1.19, ,0.1,0.06,1,1,11,13.5,3,87.5,8,0.419117647,0.09531018
rat28,70,54,1,39,4.1,0.28,0.61,4,0,0.154,2,1,10.6,13,3,109,9,0.722222222,0
rat29,258,71,2,52,4.14,0.35,0.62, ,0.18,0.11,2,1,11,14,3,114,8,0.732394366,0.165514438
rat30,217,79,1,19.5,4.2,0.4,1.68,4,0,0.104,4,1,11,14.7,3,103,8,0.246835443,0
rat31,66,64.5,1,27.5,4.3,0.4,0.9,4,0,0.237,1,3,10.5,12.5,2, ,5,0.426356589,0
rat32,162,98,2,53.5,4.38,0.42,2.19, ,0,0.059,1,1,12.7,14,3,126,8,0.545918367,0
rat33,75,265,2,50, , , , ,2.33,0.315,1,1,17.4,20,4, , ,0.188679245,1.202972304
rat34,75,274,2,50.5, , , , ,3.23,0.431,1,1,16.8,20.3,4, , ,0.184306569,1.442201993
rat35,258,74,2,44.5,5.07,0.37,1.21, ,0.11,0.095,2,1,11,14,3,113,8,0.601351351,0.104360015
rat36,261,120,1,39.1,5.25,0.55,3.8,4,1.22,0.169,1,1,14.5,17.5,9, ,2,0.325833333,0.797507196
rat37,244,229,1,73.5,5.45,0.78,3.64,4,2.03,0.189,1,1,16.2,20,3,142,8,0.320960699,1.10856262
rat38,244,93,2,56.5,5.46,0.55,1.77, ,0.21,0.093,2,1,11.5,15,3,116,8,0.607526882,0.19062036
rat39,244,128,2,55.5,5.51,0.64,1.31, ,0.56,0.15,1,1,14.2,16.5,3,157,8,0.43359375,0.444685821
rat40,230,153,1,43.5,5.65,0.64,1.97,4,0.87,0.134,1,1,14,16,3,111,8,0.284313725,0.625938431
rat41,322,88,2,42,5.68,0.43,1.21, ,0,0.153,1,1,12.1,14,3,122,8,0.477272727,0
rat42,251,139,1,60,5.8,0.7,1.4,4,1.6,0.11,2,3,14.5,17.5,1, ,3,0.431654676,0.955511445
rat43,251,139,2,38,5.9,0.7,1.9, ,0.9,0.14,1,3,15,19,1, ,3,0.273381295,0.641853886
rat44,217,137,1,61,5.92,0.49,3.02,4,0.93,0.104,1,1,14.8,15,3,122,8,0.445255474,0.657520003
rat45,12,131.6,2,77.5,6.1,0.69,1.2, ,0.303,0.242,3,3,13.5,16.5,2, ,3,0.588905775,0.264669298
rat46,12,230.4,1,135.5,6.1,1,1.8,4,0,0.482,3,3,15,21,2, ,3,0.588107639,0
rat47,169,92,2,60,6.16,0.48,0.28, ,0,0.113,2,1,13.2,16,3,119,7,0.652173913,0
rat48,17,123.2,2,51.5,6.2,0.7,1.7, ,1.34,0.355,1,3,13.5,18,2, ,3,0.418019481,0.850150929
rat49,258,121,1,56.5,6.26,0.6,0.73,4,0.17,0.137,1,1,14.5,17,3,115,8,0.466942149,0.157003749
rat50,12,132.4,2,54,6.3,0.726,2.2, ,0.197,0.223,3,3,12.5,18,2, ,3,0.407854985,0.179818427
rat51,169,109,2,61.5,6.32,0.49,1.64, ,0.21,0.179,2,1,13.4,16,3,121,7,0.564220183,0.19062036
rat52,251,182,2,65,6.4,0.9,2.1, ,1.4,0.125,2,3,15.5,18.5,1, ,3,0.357142857,0.875468737
rat53,81,104.4,1,51.5,6.4,1.6,1,4,0,0.296,2,3,10,15,2, ,5,0.493295019,0
rat54,17,122.9,1,62,6.4,0.7,2.1,4,0,0.403,1,3,13,17,2, ,3,0.504475183,0
rat55,269,105.4,2,33.5,6.4,0.5,1.3, ,1.52,0.109,1,1,11.7,14.5,3,127,6,0.317836812,0.924258902
rat56,196,102,2,34.5,6.44,0.42,1.19, ,0.3,0.063,1,3,13.5,14.5,3,101,8,0.338235294,0.262364264
rat57,162,88,2,37,6.54,0.51,1.2, ,0,0.072,1,1,13,13.5,3,103,8,0.420454545,0
rat58,258,131,1,83,6.55,0.6,1.52,4,0,0.1,1,1,15.4,18,3,134,8,0.633587786,0
rat59,45,112,2,74,6.6,0.6,0.6, ,0.3,0.257,4,3,12.5,17,2, ,5,0.660714286,0.262364264
rat60,177,130.6,2,85,6.6,0.7,1.1, ,0.2,0.1,2,3,14.1,18.4,2, ,5,0.650842266,0.182321557
rat61,177,113,2,73,6.68,0.83,2.31, ,0,0.056,1,1,15.2,16.5,3,119,8,0.646017699,0
rat62,83,90.2,1,44,6.7,0.4,1.2,4,0,0.339,2,3,11,15.5,2, ,5,0.487804878,0
rat63,81,63.4,2,47,6.7,0.5,1.3, ,0.05,0.216,2,3,10,14,2, ,5,0.741324921,0.048790164
rat64,66,120,2,55,6.7,0.5,2, ,0.2,0.293,4,3,12.5,16.5,2, ,5,0.458333333,0.182321557
rat65,177,124,1,48,6.82,0.59,1.58,4,0,0.336,2,1,13.2,16,3,118,8,0.387096774,0
rat66,230,236,2,83,6.89,0.84,3.77, ,2.2,0.188,2,1,15.6,18.5,3,129,8,0.351694915,1.16315081
rat67,82,82.2,2,44.4,6.9,0.6,1.6, ,0,0.354,2,3,10.5,13.5,2, ,5,0.540145985,0
rat68,127,244,2,44.5,6.96,1.03,3.03, ,0.71,0.222,4,1,15.2,20,3,107,7,0.182377049,0.536493371
rat69,166,208,2,33.5,7,0.999,1.8, ,2.2,0.233,1,3,15.3,21,1, ,3,0.161057692,1.16315081
rat70,16,185.1,1,66.5,7,0.8,1.7,4,0,0.357,1,3,16,20.5,2, ,3,0.359265262,0
rat71,261,196,1,51,7,0.64,3.13,4,6.8,0.263,1,1,14.2,20.4,9, ,2,0.260204082,2.054123734
rat72,221,151,2,62,7.06,0.73,2.32, ,0.29,0.165,1,1,14.5,17,3,117,7,0.410596026,0.254642218
rat73,16,146.6,2,52,7.1,0.8,1.9, ,0,0.287,1,3,14,19,2, ,3,0.354706685,0
rat74,196,104,1,52,7.12,0.5,1.17,4,0,0.175,2,1,12.3,14.5,3,120,8,0.5,0
rat75,196,131,2,52.5,7.15,0.38,2.34, ,0,0.083,1,3,14,15.5,3,133,8,0.400763359,0
rat76,167,170,1,40,7.3,0.74,1.9,4,3.3,0.52,1,1,15.5,20,1, ,3,0.235294118,1.458615023
rat77,175,149.5,2,10,7.3,0.8,1.6, ,0.4,0.3,1,3,14.6,19.2,2, ,5,0.066889632,0.336472237
rat78,262,132,1,63,7.33,0.6,1.89,1,0.5,0.205,1,1,13.6,16.5,3,114,8,0.477272727,0.405465108
rat79,66,195.9,1,121.5,7.4,1.1,1.9,4,0,0.178,4,3,15,22.5,2, ,5,0.620214395,0
rat80,196,140,2,72.5,7.47,0.73,2.43, ,0.43,0.148,2,3,14.8,17,3,135,8,0.517857143,0.357674444
rat81,81,88.7,1,50,7.5,0.5,1.4,4,0,0.23,3,3,10.5,15,2, ,5,0.563697858,0
rat82,169,116,1,80,7.61,0.54,2.47,4,0.34,0.133,4,1,13.9,17,3,128,7,0.689655172,0.292669614
rat83,177,130,1,46,7.69,0.52,2.01,4,0,0.166,1,1,13.2,16.5,3,113,8,0.353846154,0
rat84,166,152,1,44,7.7,0.71,2.2,4,2.2,0.145,1,3,13,18.5,1, ,3,0.289473684,1.16315081
rat85,244,187,1,83,7.75,0.73,4.25,4,0.45,0.151,1,1,15.1,19.5,3,146,8,0.443850267,0.371563556
rat86,16,142.8,1,60,7.8,0.7,4.3,4,0,0.362,1,3,14,17.5,2, ,3,0.420168067,0
rat87,191,184,2,100,7.9,0.8,1.9, ,0.8,0.2,1,3,16.8,19.7,2, ,5,0.543478261,0.587786665
rat88,230,134,1,61,7.93,0.59,1.83,4,0,0.187,1,1,14.3,16.5,3,122,8,0.455223881,0
rat89,177,116.5,1,77.5,7.99,0.42,1.98,4,0,0.141,1,1,12.8,14.5,3,124,8,0.665236052,0
rat90,178,143.7,1,90,8,0.5,2.3,4,0,0.1,2,3,13.9,17.2,2, ,5,0.626304802,0
rat91,0,270,1,45.5,8.25,0.71,7.12,4,7.72,0.532,1,4,18.2,21,7,131, ,0.168518519,2.165619238
rat92,177,149,1,84,8.28,0.58,1.95,4,0,0.167,2,1,13.5,17.5,3,125,8,0.563758389,0
rat93,230,175,2,90,8.28,0.6,2.05, ,1,0.107,1,1,15.1,18,3,134,8,0.514285714,0.693147181
rat94,171,147,1,60,8.3,0.7,2.1,4,0,0.12,1,3,13.7,17,2, ,5,0.408163265,0
rat95,258,188,1,67.5,8.38,0.72,3.02,4,0.52,0.089,1,1,16,19,3,134,8,0.359042553,0.418710335
rat96,64,156,1,70.5,8.43,0.67,4.48,4,0.37,0.168,1,1,15.5,19.5,3,141,7,0.451923077,0.31481074
rat97,196,133,1,61,8.47,0.65,2.06,4,0.56,0.283,1,1,14.5,16.5,3,125,8,0.458646617,0.444685821
rat98,167,220,1,90,8.5,1.1,2.3,1,3.2,0.15,2,3,14.5,20,1, ,3,0.409090909,1.435084525
rat99,16,210.7,2,99.5,8.5,1.1,3.2, ,1.2,0.451,2,3,15.5,21,2, ,3,0.472235406,0.78845736
rat100,169,126,2,44,8.5,0.65,2.37, ,0.49,0.12,1,1,14,16.5,3,117,7,0.349206349,0.39877612
rat101,148,199,2,53,8.57,0.93,3.92, ,1.78,0.314,1,1,15.8,19,3,137,8,0.266331658,1.022450928
rat102,166,254,2,39.5,8.6,1,1.3, ,6.1,0.383,1,3,15.5,21.5,1, ,3,0.155511811,1.960094784
rat103,56,209,1,70,8.6,1.2,3.6,4,0,0.224,1,1,14,20,1, ,4,0.33492823,0
rat104,45,198.3,1,118,8.6,1,2.9,4,0,0.365,4,3,14.5,19.5,2, ,5,0.595057993,0
rat105,196,179,1,81.5,8.62,0.68,4.29,4,1,0.219,1,1,15.1,18,3,150,8,0.455307263,0.693147181
rat106,0,253,1,88.5,8.64,0.81,5.77,4,14.48,0.198,1,4,16.8,20.5,8,136, ,0.349802372,2.739548868
rat107,0,303,1,51.5,8.68,0.88,4.08,4,6.36,0.544,1,4,16.4,21.5,6,122, ,0.169966997,1.996059933
rat108,172,145.1,2,70,8.7,0.6,2.1, ,0.2,0.1,1,3,14.3,17.8,2, ,5,0.482425913,0.182321557
rat109,269,259.5,2,61,8.7,1.1,1, ,1.8,0.156,1,1,16.4,21,3,131.5,6,0.235067437,1.029619417
rat110,196,183,1,76.5,8.74,0.67,3.45,1,1.49,0.261,3,1,14.4,18.5,3,134,8,0.418032787,0.91228271
rat111,64,137,1,96,8.78,0.68,1.35,4,1.22,0.292,2,1,12.5,16.5,3,141,7,0.700729927,0.797507196
rat112,339,179,2,67.8,8.79,0.73,2.42, ,1.35,0.336,1,1,13.7,18,3,121,6,0.37877095,0.854415328
rat113,167,220,2,60,8.8,0.8,2.3, ,3,0.32,1,3,15,20,1, ,3,0.272727273,1.386294361
rat114,179,167.6,1,90,8.8,0.6,2.4,4,0,0.1,2,3,15.1,20,2, ,5,0.53699284,0
rat115,16,216.2,1,97.5,8.8,1.1,6,4,0,0.373,2,3,15.5,21,2, ,3,0.450971323,0
rat116,276,137,1,55,8.8,0.59,1.71,4,0,0.217,1,1,13.8,18.5,3,120,7,0.401459854,0
rat117,94,141,1,96,8.86,0.67,1.53,4,0,0.259,3,1,13.8,15.5,3,131,7,0.680851064,0
rat118,0,275,1,95,8.88,0.77,5.46,4,8.46,0.428,1,4,17.5,21,7,104, ,0.345454545,2.247072383
rat119,18,227,2,48,8.9,1.2,2.2, ,0,0.213,4,3,17,19.5,1, ,4,0.211453744,0
rat120,166,253,2,48,8.9,1004,1.3, ,3.3,0.201,4,3,16,22,1, ,3,0.18972332,1.458615023
rat121,217,177,1,60,8.92,0.64,4.27,4,0.66,0.18,1,1,14.5,17,3,136,8,0.338983051,0.506817602
rat122,230,225,2,75,8.93,0.78,2.59, ,0.93,0.153,2,1,17,19.5,3,148,8,0.333333333,0.657520003
rat123,230,183,2,97.5,8.95,0.68,3.01, ,0.84,0.19,2,1,16.4,19.5,3,147,8,0.532786885,0.609765572
rat124,169,146,1,63,8.99,0.69,2.52,4,0.7,0.205,1,1,14.3,16.5,3,134,7,0.431506849,0.530628251
rat125,261,174,2,9.1,9,1.25,2.19, ,0,0.409,1,1,15,19.5,9, ,2,0.052298851,0
rat126,261,239,1,47,9,0.78,4.92,4,6.08,0.314,1,1,17.5,21,9, ,2,0.19665272,1.957273908
rat127,261,214,1,48,9,0.73,3.58,4,4.33,0.49,2,1,16.2,20.8,9, ,2,0.224299065,1.673351238
rat128,261,184,1,55,9,0.7,4.73,1,2.05,0.231,1,1,16.5,19.5,9, ,2,0.298913043,1.115141591
rat129,261,176,1,55,9,0.55,3.25,4,4.66,0.417,1,1,14.5,20,9, ,2,0.3125,1.733423892
rat130,261,155,1,68,9,0.55,3.19,4,1.6,0.187,1,1,15,18,9, ,2,0.438709677,0.955511445
rat131,261,148,2,77,9,0.57,1.83, ,0.144,0.158,1,1,16.5,17.5,9, ,2,0.52027027,0.134530893
rat132,244,208,1,85,9.02,0.87,3.89,4,1.77,0.228,1,1,16,19.5,3,141,8,0.408653846,1.01884732
rat133,169,204,2,79,9.06,0.77,3.61, ,1.24,0.17,1,1,16.5,18.5,3,145,7,0.387254902,0.806475866
rat134,174,169.5,2,82,9.1,0.6,1.1, ,1,0.3,1,3,15.6,19.5,2, ,5,0.483775811,0.693147181
rat135,12,229,1,111,9.1,1,1.6,4,0,0.431,1,3,16,21.5,2, ,3,0.484716157,0
rat136,251,175,2,70,9.2,0.9,2, ,1.6,0.15,1,3,15.5,20.5,1, ,3,0.4,0.955511445
rat137,166,211,1,74.5,9.2,0.9,2.5,1,3.6,0.3,1,1,15.5,20.5,1, ,3,0.353080569,1.526056303
rat138,19,179.8,2,102.6,9.2,0.9,1.3, ,1,0.337,3,3,15,19,2, ,3,0.570634038,0.693147181
rat139,148,286,2,85.5,9.21,1.01,2.96, ,2.54,0.46,2,1,16.5,20,3,147,8,0.298951049,1.264126727
rat140,196,101,1,38,9.22,0.42,2.44,4,0,0.113,1,1,12.4,14.5,3,117,8,0.376237624,0
rat141,251,224,1,90,9.3,1,2.9,1,3.5,0.2,4,3,16,19.5,1, ,3,0.401785714,1.504077397
rat142,83,128.5,1,56,9.3,0.8,1.7,4,0,0.313,1,3,12.5,17,2, ,5,0.435797665,0
rat143,177,137,2,62,9.31,0.58,1.67, ,0.43,0.178,1,1,13.6,16,3,112,8,0.452554745,0.357674444
rat144,0,332,1,79.5,9.38,0.98,4.72,4,16.56,0.622,1,4,18.4,21.5,7,140, ,0.239457831,2.865623588
rat145,70,232,2,54,9.4,0.8,3.3, ,2.3,0.58,1,1,16.9,20.5,3,133,9,0.232758621,1.193922468
rat146,196,192,1,69.5,9.42,0.86,2.84,2,0.62,0.339,1,1,15.5,18.5,3,159,8,0.361979167,0.482426149
rat147,169,238,2,85,9.43,0.92,4.6, ,1.66,0.355,1,1,16.6,21.5,3,148,7,0.357142857,0.978326123
rat148,16,200.5,1,113.5,9.5,1.1,2.1,4,0,0.326,3,3,16,20.5,2, ,3,0.566084788,0
rat149,45,156.5,1,121,9.5,0.8,2.4,4,0,0.388,2,3,14,19.5,2, ,5,0.773162939,0
rat150,148,141,2,54,9.59,0.66,2.8, ,0.7,0.209,1,1,14.5,16,3,124,8,0.382978723,0.530628251
rat151,251,233,2,40,9.6,1.1,1.6, ,3.1,0.175,1,3,17,22,1, ,3,0.17167382,1.410986974
rat152,126,158,1,82.5,9.6,0.717,1.8,4,0.43,0.199,1,3,13,18,1, ,5,0.522151899,0.357674444
rat153,167,222,1,90,9.6,1,2.1,3,2.6,0.39,3,3,14.5,20.5,1, ,3,0.405405405,1.280933845
rat154,82,136.4,2,48,9.6,0.7,1.4, ,0,0.254,1,3,13.5,16,2, ,5,0.351906158,0
rat155,276,189,2,91.5,9.6,0.73,3.35, ,1.22,0.318,1,1,14.9,19.5,3,139,7,0.484126984,0.797507196
rat156,64,264,2,78.5,9.63,1.28,2.97, ,3.14,0.398,1,1,17.1,21,3,127,7,0.297348485,1.420695788
rat157,221,111,1,49,9.66,0.48,2.49,4,0,0.155,1,1,13.5,15,3,112,7,0.441441441,0
rat158,177,154,1,72,9.79,0.74,1.93,4,0,0.261,2,1,13.9,17.5,3,138,8,0.467532468,0
rat159,56,281,1,154,9.8,1.5,4.5,4,0,0.6616,2,1,18,22,1, ,4,0.548042705,0
rat160,172,170.3,2,100,9.8,0.8,1.5, ,0.7,0.2,4,3,13.7,20.4,2, ,5,0.58719906,0.530628251
rat161,162,307,2,50.5,9.91,0.99,5.06, ,2.3,0.325,1,1,16.5,21,3,120,8,0.164495114,1.193922468
rat162,169,358,2,106,9.93,1.41,4.52, ,1.96,0.524,1,1,17.5,22.5,3,153,7,0.296089385,1.085189268
rat163,167,192,2,60,10,0.92,2, ,9.9,0.19,2,3,15,20,1, ,3,0.3125,2.388762789
rat164,17,165.6,2,82,10,0.8,2.4, ,1.1,0.237,1,3,14.5,18.5,2, ,3,0.495169082,0.741937345
rat165,169,287,2,95,10,1.02,2.84, ,1.81,0.295,1,1,16.5,21.5,3,121,7,0.331010453,1.033184483
rat166,261,272,1,85,10,0.96,4.56,1,6.73,0.408,1,1,17,23,9, ,2,0.3125,2.045108863
rat167,261,307,1,98.5,10,1.08,2.71,4,2.49,0.406,1,1,17,22.5,9, ,2,0.320846906,1.249901736
rat168,250,315,2,70,10.1,1.6,1.9, ,2.7,0.25,1,3,17,24,1, ,3,0.222222222,1.30833282
rat169,169,288,2,112,10.12,1.08,2.51, ,4.07,0.326,1,1,16.6,22.5,3,142,7,0.388888889,1.623340818
rat170,250,204,1,50,10.2,0.9,3.1,4,2.4,0.245,3,3,17,19,1, ,3,0.245098039,1.223775432
rat171,166,230,1,87,10.2,1.3,4.2,1,4.5,0.229,1,3,14.5,22,1, ,3,0.37826087,1.704748092
rat172,250,256,1,140,10.3,1,2.2,1,4.4,0.32,3,3,17,21,1, ,3,0.546875,1.686398954
rat173,0,273,1,78,10.34,0.97,6.79,4,5.43,0.482,1,4,17.5,20.5,6,146, ,0.285714286,1.860974538
rat174,244,242,1,85,10.35,0.83,3.14,3,3.42,0.273,1,1,17,20,3,134,8,0.351239669,1.486139696
rat175,0,350,1,86,10.38,0.82,7.99,4,17.56,0.717,2,4,17.4,21.5,8,135, ,0.245714286,2.921008727
rat176,17,261.6,2,87.5,10.4,1.2,2.3, ,1.1,0.402,1,3,15,23,2, ,3,0.334480122,0.741937345
rat177,30,270,1,105,10.4,1.24,3.18,4,1.85,0.48,1,1,16,20,3,136,7,0.388888889,1.047318994
rat178,177,175,1,91.5,10.42,0.64,3.63,4,0,0.368,1,1,15.6,18,3,136,8,0.522857143,0
rat179,82,224.9,1,141.1,10.5,0.9,3,1,0,0.228,4,3,15,23,2, ,5,0.627389951,0
rat180,192,212.4,1,170,10.5,0.7,2.5,4,0,0.4,2,3,15.7,20.4,2, ,5,0.800376648,0
rat181,0,397,1,63,10.5,1.04,7.41,4,26.49,0.97,1,4,17.9,22,7,142, ,0.158690176,3.313822302
rat182,0,359,1,87.5,10.54,0.99,8.2,4,26.6,0.685,1,4,18.1,22,6,138, ,0.243732591,3.317815773
rat183,12,26.7,2,6.76,10.6,1.1,3.7, ,2.3,0.564,3,3,16.5,23,2, ,3,0.253183521,1.193922468
rat184,184,286.3,2,220,10.6,1,3, ,2.2,0.2,2,3,17,20,2, ,5,0.768424729,1.16315081
rat185,0,364,1,77.5,10.69,0.97,7.53,4,13.45,0.772,1,4,17.8,20.5,7,126, ,0.212912088,2.670694415
rat186,16,263.6,2,114.5,10.7,0.9,3.8, ,2,0.608,1,3,15.5,21.5,2, ,3,0.434370258,1.098612289
rat187,0,324,1,63.5,10.75,0.82,5.72,4,7,0.764,1,4,18.2,20.5,7,138, ,0.195987654,2.079441542
rat188,0,366,1,65,10.75,0.87,6.32,4,25.09,0.821,1,4,17.2,22,7,120, ,0.177595628,3.261552099
rat189,79,292,2,79.9, , , , ,1.54,0.969,1,1,14.2,20.3,5, , ,0.273630137,0.932164081
rat190,79,269,2,84.4, , , , ,1.56,1.148,1,1,15.6,20.7,5, , ,0.313754647,0.940007258
rat191,70,215,2,69.5,10.8,1.1,3.8, ,2.6,0.396,1,1,14.4,19,3,136,9,0.323255814,1.280933845
rat192,0,367,1,90,10.8,0.84,7.81,4,10.82,0.601,1,4,17.1,21.5,7,130, ,0.245231608,2.469793012
rat193,196,123,2,62,10.82,0.44,1.16, ,0.3,0.173,1,1,13.6,15.5,3,130,8,0.504065041,0.262364264
rat194,135,252,2,46,10.84,1.17,2.1, ,1.23,0.452,1,1,15.5,21.5,3,138,8,0.182539683,0.802001585
rat195,169,320,2,58.5,10.84,1.24,4.43, ,1.5,0.313,1,1,16.5,20.5,3,138,7,0.1828125,0.916290732
rat196,30,201,2,78,10.89,1.05,4.03, ,0.93,0.35,5,1,15.8,19,3,136,7,0.388059701,0.657520003
rat197,251,312,2,60,10.9,1.3,1.6, ,5.6,0.225,1,3,16.5,21.5,1, ,3,0.192307692,1.887069649
rat198,258,248,1,102.5,10.95,0.85,2.48,1,3.28,0.149,1,1,15.5,20,3,142,8,0.413306452,1.45395301
rat199,167,221,2,30,11,0.9,1.6, ,3.2,0.42,1,1,15.5,20,1, ,3,0.135746606,1.435084525
rat200,60,231.5,1,126.2,11,1.1,3.4,1,0,0.177,4,3,16,21.5,2, ,5,0.545140389,0
rat201,261,205,1,62,11,0.78,3.81,1,2.17,0.26,1,1,16,20,9, ,2,0.302439024,1.153731588
rat202,261,214,1,70,11,0.64,3.3,4,1.79,0.282,1,1,17,20,9, ,2,0.327102804,1.026041596
rat203,261,214,1,72,11,0.74,3.6,4,7.35,0.235,1,1,16.5,20.5,9, ,2,0.336448598,2.122261539
rat204,261,307,2,75,11,1.3,3.01, ,2.95,0.591,1,1,18,22.5,9, ,2,0.244299674,1.373715579
rat205,0,367,1,82,11.05,0.85,7.93,4,17.04,0.599,1,4,17.3,21.5,6,134, ,0.223433243,2.892591515
rat206,127,226,2,71.5,11.08,1.03,2.64, ,1.31,0.462,1,1,16,19.3,3,152,7,0.316371681,0.837247525
rat207,258,199,2,115,11.1,0.61,4.45, ,1.77,0.236,2,1,15.2,18.5,3,137,8,0.577889447,1.01884732
rat208,0,330,1,61.5,11.11,0.82,7.53,4,17.71,0.691,1,4,17.5,21.5,8,122, ,0.186363636,2.92905814
rat209,0,370,1,66,11.15,1.06,8.8,4,15.74,0.696,1,4,18.4,22,7,130, ,0.178378378,2.817801065
rat210,127,239,2,54,11.24,1.14,2.19, ,2.42,0.343,1,1,15.5,20.5,3,110,7,0.225941423,1.229640551
rat211,135,311,2,50,11.25,1.25,4.15, ,4.36,0.598,1,1,16.8,22,3,138,8,0.160771704,1.678963975
rat212,196,221,1,75,11.25,0.74,4.79,4,1.76,0.094,1,1,15,20,3,130,8,0.339366516,1.01523068
rat213,0,385,1,101.5,11.26,0.96,5.61,4,14.74,0.8,1,4,17.8,21.5,7,148, ,0.263636364,2.756205243
rat214,169,211,1,95.5,11.27,0.86,2.35,2,0.24,0.236,1,1,15.5,19.5,3,135,7,0.452606635,0.21511138
rat215,251,298,2,60,11.3,1.3,2.2, ,3.7,0.315,1,3,17,22.5,1, ,3,0.201342282,1.547562509
rat216,64,254,1,100,11.3,0.98,1.99,1,0.79,0.43,2,1,15.8,23.5,3,143.5,7,0.393700787,0.58221562
rat217,30,266,2,114.5,11.3,1.17,3.28, ,1.51,0.55,2,1,15.7,21,3,131,7,0.430451128,0.920282753
rat218,0,383,1,62,11.3,0.98,8.94,4,23.08,0.952,1,4,18.3,22.5,8,140, ,0.161879896,3.18138162
rat219,248,328,2,89.5,11.33,1.17,2.39, ,3.06,0.282,1,1,16.5,21.5,3,127,7,0.272865854,1.401182974
rat220,94,178,2,50,11.35,0.91,3.02, ,0.92,0.354,1,1,13.8,18,3,132,7,0.280898876,0.652325186
rat221,244,356,2,79,11.36,1.15,3.91, ,4.43,0.234,1,3,16.5,22,3,147,8,0.221910112,1.691939134
rat222,177,207,1,84.5,11.38,0.84,3.55,4,0,0.201,1,3,15.5,18,3,143,8,0.40821256,0
rat223,167,281,2,40,11.4,1.1,1.8, ,6.4,0.48,4,3,16,22.5,1, ,3,0.142348754,2.00148
rat224,167,282,1,120,11.4,1.2,1.8,1,3.7,0.26,2,3,16.5,22.5,1, ,3,0.425531915,1.547562509
rat225,81,156.3,1,70.5,11.4,0.7,2.8,4,0,0.481,2,3,13,19,2, ,5,0.451055662,0
rat226,230,270,2,72.5,11.41,0.87,3.23, ,3.27,0.291,2,1,16.5,20.5,3,138,8,0.268518519,1.451613827
rat227,244,184,1,105.5,11.42,0.67,2.63,3,1.08,0.165,2,1,15.5,18,3,132,8,0.573369565,0.732367894
rat228,0,428,1,79.5,11.49,0.99,6.32,4,25.29,0.632,1,4,17.2,22.5,6,132, ,0.185747664,3.269188639
rat229,250,276,1,85,11.5,1,1.1,1,5.6,0.25,1,3,16.5,20.5,1, ,3,0.307971014,1.887069649
rat230,12,334,2,97.5,11.5,1.5,2.3, ,1.2,0.28,2,3,17.5,23,2, ,3,0.291916168,0.78845736
rat231,81,193.5,1,102,11.5,0.9,2.5,4,0,0.175,2,3,14,19.5,2, ,5,0.527131783,0
rat232,166,226,1,90,11.6,1.3,2.1,1,0.5,0.151,1,3,16.5,20.5,1, ,3,0.398230088,0.405465108
rat233,169,204,1,134,11.68,0.91,3.4,4,0.83,0.402,2,1,15.9,19.5,3,140,7,0.656862745,0.604315967
rat234,127,314,2,62,11.77,1.34,3.22, ,2.55,0.375,1,1,16.5,22,3,139,7,0.197452229,1.266947603
rat235,0,310,1,86.5,11.77,0.82,8.62,4,9.46,0.603,1,4,17.4,21,6,134, ,0.279032258,2.347558459
rat236,17,267.7,2,91,11.8,1.1,3.2, ,1,0.495,4,3,16,22,2, ,3,0.339932761,0.693147181
rat237,196,187,1,72,11.8,0.68,3.11,1,0.62,0.273,1,1,15,17,3,136,8,0.385026738,0.482426149
rat238,0,329,1,62,11.82,0.96,5,4,11.06,0.401,1,4,17.3,20.5,6,131, ,0.188449848,2.489894191
rat239,217,210,2,44.5,11.83,0.69,2.2, ,2.35,0.178,1,1,16,19,3,132,8,0.211904762,1.208960346
rat240,0,367,1,139,11.84,0.9,7.58,4,20.69,0.887,1,4,17.5,22,7,136, ,0.378746594,3.076851325
rat241,221,259,2,63.5,11.87,0.95,2.81, ,2.38,0.302,2,1,16.8,21.5,3,131,7,0.245173745,1.217875709
rat242,258,271,1,106,11.88,1.08,3.72,4,1.72,0.242,1,1,16,20,3,135,8,0.391143911,1.00063188
rat243,94,154,1,88.5,11.91,0.69,2.1,4,0.59,0.232,1,1,14.1,17,3,129,7,0.574675325,0.463734016
rat244,30,237,2,80,11.97,0.99,3.35, ,2.41,0.35,1,1,15.3,19,3,141.5,7,0.337552743,1.226712291
rat245,230,176,1,63.5,11.99,0.65,2.39,4,0.68,0.15,1,1,15.5,19,3,130,8,0.360795455,0.518793793
rat246,83,136.9,2,49.5,12,0.6,2.3, ,0,0.355,1,3,13,16,2, ,5,0.361577794,0
rat247,261,301,1,74,12,0.96,5.05,1,4.97,0.34,1,1,17,22.5,9, ,2,0.245847176,1.786746927
rat248,261,211,1,86,12,0.84,3.11,1,4.3,0.289,1,1,15.5,20,9, ,2,0.407582938,1.667706821
rat249,261,281,1,106,12,1.02,6.14,1,2.84,0.398,1,1,12,23.5,9, ,2,0.377224199,1.345472367
rat250,261,363,1,114,12,1.29,6.56,1,3.01,0.954,1,1,17,23.5,9, ,2,0.314049587,1.388791241
rat251,261,336,1,120,12,1.33,4.2,1,4.85,0.77,1,1,17.5,23,9, ,2,0.357142857,1.766441661
rat252,148,316,1,79,12.04,1.28,6.96,2,0.45,0.354,2,1,18,21,3,194,8,0.25,0.371563556
rat253,177,252,2,83.5,12.07,0.97,4.14, ,2.51,0.198,1,1,15.7,20,3,138,8,0.331349206,1.255616037
rat254,127,339,2,97.5,12.08,1.51,3.9, ,1.69,0.248,1,1,16,22.5,3,155,7,0.287610619,0.989541194
rat255,0,423,1,53,12.08,0.96,7.89,4,34.24,0.973,1,4,18.2,22,6,132, ,0.125295508,3.562181801
rat256,167,251,2,50,12.2,0.91,2.1, ,7.7,0.37,1,3,15.5,21.5,1, ,3,0.199203187,2.163323026
rat257,94,296,2,81.5,12.24,1.25,2.38, ,2.45,0.476,1,1,15.8,21.5,3,142,7,0.275337838,1.238374231
rat258,217,246,1,107.5,12.26,0.99,3.91,1,1.23,0.318,1,1,16.3,19,3,139,8,0.43699187,0.802001585
rat259,244,362,2,60,12.28,1.26,4.1, ,3.08,0.29,1,1,18,23,3,162,8,0.165745856,1.406096988
rat260,135,277,2,70,12.28,1.13,4.68, ,1.17,0.487,1,1,15.5,21,3,143,8,0.252707581,0.774727168
rat261,30,263,2,84,12.28,1.22,3.24, ,1.1,0.31,1,1,15,20,3,141,7,0.319391635,0.741937345
rat262,250,310,1,110,12.3,1.3,2.2,1,7.3,0.265,1,3,17.5,23,1, ,3,0.35483871,2.116255515
rat263,244,250,1,114,12.32,1.14,1.72,2,0.86,0.178,1,3,15.8,21,3,152,8,0.456,0.620576488
rat264,0,365,1,84.5,12.35,0.88,7.29,4,6.08,0.878,1,4,18.4,22,8,128, ,0.231506849,1.957273908
rat265,244,222,1,120,12.36,0.8,4.45,3,3.24,0.247,3,1,15.8,19.5,3,132,8,0.540540541,1.444563269
rat266,135,399,2,112.5,12.4,1.5,2.37, ,1.93,0.361,2,1,17,21.5,3,167,8,0.281954887,1.075002423
rat267,0,453,1,77.5,12.49,1.1,9.87,4,30.5,0.988,1,4,17.8,22.5,7,148, ,0.171081678,3.449987546
rat268,250,248,1,85,12.5,0.9,2.5,1,5.2,0.185,1,3,16.5,21,1, ,3,0.342741935,1.824549292
rat269,251,316,2,85,12.5,1.5,3.8, ,3.3,0.255,2,3,17.5,22.5,1, ,3,0.268987342,1.458615023
rat270,16,262.5,1,117.5,12.5,1.1,2.1,4,0,0.311,2,3,16,24,2, ,3,0.447619048,0
rat271,45,296.5,2,160,12.5,1.3,3.4, ,1.6,0.51,3,3,16,24,2, ,5,0.539629005,0.955511445
rat272,169,188,1,80,12.51,1.06,2.92,4,0.32,0.346,1,1,15.5,19,3,137,7,0.425531915,0.277631737
rat273,169,223,1,108,12.56,0.84,3.69,1,2.27,0.316,1,1,17.2,18.5,3,146,7,0.484304933,1.184789985
rat274,169,259,2,84,12.58,0.98,3.94, ,1.64,0.324,1,1,16.7,21,3,143,7,0.324324324,0.970778917
rat275,169,374,2,133,12.6,1.45,4.76, ,1.44,0.27,1,1,14.4,24,3,152,7,0.355614973,0.891998039
rat276,258,308,2,97.5,12.62,0.99,3.96, ,3.42,0.186,1,1,17.1,20.5,3,148,8,0.316558442,1.486139696
rat277,94,252,2,75,12.69,1.25,2.88, ,1.5,0.259,1,1,14.5,20.5,3,144,7,0.297619048,0.916290732
rat278,230,232,1,65,12.73,0.69,2.08,3,1.43,0.152,1,1,16.8,19,3,136,8,0.280172414,0.887891257
rat279,177,286,1,96.5,12.75,1.19,3.09,3,2.67,0.226,1,1,16.8,20,3,155,8,0.337412587,1.300191662
rat280,167,150,1,30,12.8,0.63,1.9,4,1.5,0.22,1,1,14.3,18.5,1, ,3,0.2,0.916290732
rat281,17,283.5,2,103.5,12.8,1.3,4.2, ,1.8,0.553,2,3,16,22.5,2, ,3,0.365079365,1.029619417
rat282,0,388,1,97,12.81,0.91,6.5,4,17.83,0.592,1,4,18.3,22.5,7,142, ,0.25,2.935451343
rat283,64,336,2,106,12.86,1.29,3.54, ,1.28,0.499,1,1,17,22,3,148,7,0.31547619,0.824175443
rat284,339,314,1,116.8,12.87,1.16,3.64,1,4.7,0.648,1,1,17.2,20.8,3,154.5,6,0.371974522,1.740466175
rat285,59,236.9,2,76,12.9,1,2.9, ,2.6,0.356,4,3,17,22.5,2, ,5,0.320810469,1.280933845
rat286,148,268,1,106,12.93,1.08,7.13,2,0,0.208,1,1,15.5,20.5,3,170,8,0.395522388,0
rat287,244,265,2,87,12.94,1.16,3.41, ,2.23,0.295,1,1,16,21,3,127,8,0.328301887,1.172482137
rat288,258,193.5,2,96,12.95,0.75,3.34, ,1.2,0.18,1,1,15.9,19,3,136,8,0.496124031,0.78845736
rat289,230,218,2,84.5,12.96,0.81,3.9, ,2.18,0.304,1,1,14.7,19,3,136,8,0.387614679,1.156881197
rat290,196,208,2,79,12.97,0.71,2.66, ,1.19,0.314,1,1,15.4,18.5,3,127,8,0.379807692,0.783901544
rat291,261,270,1,83,13,1.09,3.24,1,9.04,0.576,1,1,17,22,9, ,2,0.307407407,2.306577114
rat292,261,352,1,144,13,1.3,4.97,1,4.29,0.391,1,1,17,23,9, ,2,0.409090909,1.665818246
rat293,261,359,1,153,13,1.31,4.4,4,2.66,0.881,1,1,18,24,9, ,2,0.426183844,1.297463147
rat294,64,225,2,94,13.03,0.91,2.48, ,1.98,0.37,2,1,17,21.5,3,155,7,0.417777778,1.091923301
rat295,244,277,1,150,13.07,1.27,3.43,4,0.34,0.21,2,1,16.8,21.5,3,161,8,0.541516245,0.292669614
rat296,250,337,2,85,13.1,1.6,2.3, ,3.5,0.285,1,3,17.5,24.5,1, ,3,0.252225519,1.504077397
rat297,30,340,2,141,13.1,1.25,1.89, ,2.86,0.41,1,1,17.4,23,3,144,7,0.414705882,1.350667183
rat298,0,465,1,95.5,13.11,1.03,7.01,4,14.37,1.02,1,4,17.8,21.5,8,138, ,0.205376344,2.732417558
rat299,0,470,1,116,13.12,1.06,9.28,4,18.99,0.861,1,4,17.7,22.5,7,144, ,0.246808511,2.995232149
rat300,148,283,1,101.5,13.22,1.34,2.64,4,2.14,0.398,1,1,16,21522,3,145,8,0.358657244,1.1442228
rat301,0,405,1,65.5,13.26,1.02,8.04,4,19.13,0.807,1,4,17.1,21,8,138, ,0.161728395,3.00221124
rat302,0,348,1,93.5,13.37,1.19,5.76,4,7.62,0.301,1,4,17.8,22,8,152, ,0.268678161,2.154085085
rat303,244,240,2,92.5,13.41,0.82,4.89, ,1.79,0.356,2,1,16.2,20,3,146,8,0.385416667,1.026041596
rat304,127,224,1,85,13.45,1.01,4.29,4,0.44,0.191,1,1,12.5,20,3,138,7,0.379464286,0.364643114
rat305,244,307,2,104,13.48,1.07,7.53, ,1.54,0.267,1,1,17.8,22.5,3,148,8,0.338762215,0.932164081
rat306,67,353.3,2,99,13.5,1.3,5, ,2,0.436,2,3,18,25.5,2, ,5,0.280215115,1.098612289
rat307,81,237.2,2,121.5,13.5,1,2.4, ,2.1,0.394,2,3,14.5,20.5,2, ,5,0.51222597,1.131402111
rat308,230,253,1,128,13.51,0.9,3.41,1,2.49,0.275,1,1,17,19.5,3,146,8,0.505928854,1.249901736
rat309,127,302,2,58.5,13.53,1.72,2.99, ,1.08,0.38,1,1,16,21.5,3,150,7,0.193708609,0.732367894
rat310,230,295,1,171.5,13.54,0.87,4.01,1,7.78,0.372,3,1,16.4,21.5,3,152,8,0.581355932,2.172476408
rat311,217,263,2,56,13.56,1.04,2.56, ,2.3,0.362,1,1,16.5,20,3,132,8,0.212927757,1.193922468
rat312,230,378,2,99.5,13.56,1.19,3.66, ,3.17,0.49,1,3,17.2,22,3,133,8,0.263227513,1.427916036
rat313,0,383,1,84,13.6,1.02,9.35,4,19.68,0.639,1,4,17.6,22.5,8,146, ,0.219321149,3.02916705
rat314,135,342,1,140.5,13.62,1.38,4.13,3,4.69,0.274,1,1,18.5,23.5,3,174,8,0.410818713,1.738710248
rat315,127,266,1,116.5,13.63,1.11,6.19,1,0.68,0.539,1,1,15.5,20,3,166,7,0.437969925,0.518793793
rat316,166,226,1,104,13.7,1.2,2.8,1,3.3,0.139,1,3,17,22.5,1, ,3,0.460176991,1.458615023
rat317,30,265,1,123,13.7,1.01,4.01,4,1.17,0.37,1,1,16,21,3,122,7,0.464150943,0.774727168
rat318,244,245,1,129.5,13.72,0.94,2.45,3,2.42,0.183,3,1,16,20,3,140,8,0.528571429,1.229640551
rat319,94,410,2,49,13.79,1.94,5.91, ,2.16,0.48,5,1,18,23,3,158,7,0.119512195,1.150572028
rat320,251,382,2,100,13.8,2,2.6, ,3.8,0.33,1,3,17.5,24.5,1, ,3,0.261780105,1.568615918
rat321,250,330,1,130,13.8,1.7,2.3,1,4.6,0.185,1,3,17.5,24,1, ,3,0.393939394,1.722766598
rat322,12,279.5,2,98.5,13.8,1.1,2.2, ,1.4,0.42,1,3,16.5,22,2, ,3,0.352415027,0.875468737
rat323,221,394,2,78,13.8,1.43,4.92, ,2.47,0.62,1,1,17.4,23.5,3,148,7,0.197969543,1.244154594
rat324,127,355,2,66.5,13.87,1.72,2.71, ,2.12,0.295,1,1,17.5,22,3,155,7,0.187323944,1.137833002
rat325,221,226,1,103,13.9,0.81,2.41,2,0,0.243,1,1,17,21,3,146,7,0.455752212,0
rat326,127,292,2,67,13.96,1.91,6.29, ,0.61,0.477,1,1,16.8,22,3,161,7,0.229452055,0.476234179
rat327,94,264,1,122,13.98,1.24,3.67,3,2.74,0.351,1,1,15.3,20.5,3,166,7,0.462121212,1.319085611
rat328,261,319,1,85,14,1.2,4.82,1,5.43,0.261,1,1,16.5,22.5,9, ,2,0.26645768,1.860974538
rat329,261,275,1,146,14,0.86,4.5,1,0.89,0.354,3,1,16.5,22,9, ,2,0.530909091,0.636576829
rat330,127,276,2,76.5,14.04,1.21,5.55, ,1.7,0.404,1,1,17,21,3,124,7,0.277173913,0.993251773
rat331,64,397,2,99.5,14.05,1.62,3.81, ,3.72,0.428,1,1,17.8,23.5,3,150,7,0.250629723,1.5518088
rat332,0,425,1,85,14.06,1.07,5.38,4,50.69,0.874,1,4,18.5,21.5,8,134, ,0.2,3.945264339
rat333,162,314,1,150,14.07,1.1,4.81,2,0,0.486,1,1,17,22.5,3,165,8,0.477707006,0
rat334,248,348,2,69.5,14.09,1.46,4.24, ,2.29,0.231,1,1,17,21.5,3,140,7,0.199712644,1.190887565
rat335,94,317,1,149,14.18,1.5,3.53,3,0,0.31,1,1,18,21.5,3,162,7,0.470031546,0
rat336,64,256,1,167,14.18,1.27,2.73,4,1.65,0.41,2,1,15.5,20.5,3,151,7,0.65234375,0.97455964
rat337,166,313,1,147.5,14.2,1.4,4.2,4,7.5,0.334,4,3,17.5,23.5,1, ,3,0.471246006,2.140066163
rat338,70,414,2,76,14.2,1.8,3, ,4.7,1.054,1,3,17.5,23.5,3,153,9,0.183574879,1.740466175
rat339,70,366,2,92,14.2,1.6,3.6, ,3.1,0.67,1,3,17.5,22,3,125,9,0.25136612,1.410986974
rat340,339,412,2,105.1,14.24,1.58,2.95, ,2.52,0.364,1,1,18.8,22.5,3,150,6,0.255097087,1.25846099
rat341,196,356,1,150.5,14.27,1.12,3.24,1,4.79,0.269,1,1,15.7,21.5,3,162,8,0.422752809,1.756132292
rat342,167,233,1,130,14.3,1.1,2.2,1,0.001,0.23,3,3,15.5,20,1, ,3,0.557939914,0.0009995
rat343,127,310,2,86.5,14.33,1.25,3.2, ,2.03,0.394,1,1,16,22,3,130,7,0.279032258,1.10856262
rat344,162,285,1,88.5,14.34,1.1,4.85,2,0,0.396,1,1,16.5,22,3,184,8,0.310526316,0
rat345,230,268,1,100,14.35,1.06,3.71,1,4.31,0.272,1,1,16.8,19.5,3,155,8,0.373134328,1.669591835
rat346,217,330,2,111.5,14.39,1.04,4.13, ,3.73,0.295,1,3,18.3,21.5,3,136,8,0.337878788,1.553925203
rat347,250,319,1,150,14.4,1.4,2.7,1,1.8,0.01,2,3,16.5,23,1, ,3,0.470219436,1.029619417
rat348,70,269,2,68,14.4,1.4,3.5, ,3,0.557,1,1,17,21,3,141,9,0.252788104,1.386294361
rat349,339,403,2,95.7,14.6,1.8,4.1, ,2.43,0.22,1,1,18,22.8,3,134,6,0.237468983,1.232560261
rat350,148,339,2,88,14.62,1.2,4.28, ,3.11,0.26,1,1,16.8,22,3,148,8,0.259587021,1.413423029
rat351,64,262,1,91,14.65,1.04,3.33,1,2.11,0.413,1,1,15.7,21.5,3,149,7,0.347328244,1.134622726
rat352,244,211,1,106.5,14.66,0.74,2.71,3,2.22,0.178,1,1,15.5,20.5,3,142,8,0.504739336,1.16938136
rat353,169,252,1,114,14.67,1.07,3.71,4,3.55,0.59,1,1,15.6,21.5,3,146,7,0.452380952,1.515127233
rat354,127,300,2,57.5,14.68,1.36,3.61, ,1.09,0.329,1,1,16.5,21.5,3,144,7,0.191666667,0.737164066
rat355,90,319.8,2,125,14.7,1.6,2.5, ,0,0.242,1,3,17,19,2, ,5,0.390869293,0
rat356,70,322,1,126.5,14.8,1.4,4.6,4,0,0.532,2,3,16.8,20.5,3,152,9,0.392857143,0
rat357,127,384,2,92,14.81,2.02,4, ,1.95,0.352,4,1,17,23,3,156,7,0.239583333,1.08180517
rat358,127,344,1,155.5,14.82,1.59,4.25,2,0.79,0.402,1,1,16.5,21,3,174,7,0.452034884,0.58221562
rat359,276,215,1,116,14.84,1.03,2.56,4,0.54,0.302,2,1,13,19.5,3,137,7,0.539534884,0.431782416
rat360,64,310,1,142,14.85,1.09,2.57,1,3.8,0.581,1,1,16.7,21.6,3,157,7,0.458064516,1.568615918
rat361,244,264,1,99,14.87,1.1,4.63,4,1.09,0.24,1,1,17,19.5,3,172,8,0.375,0.737164066
rat362,166,227,1,106,14.9,1.2,3.5,1,0,0.113,3,3,15.5,21,1, ,3,0.466960352,0
rat363,64,313,2,76,14.95,1.44,2.78, ,2.8,0.711,1,1,17.2,23,3,163,7,0.242811502,1.335001067
rat364,127,333,2,119.5,14.95,1.77,2.6, ,1.98,0.523,1,1,16.8,23,3,160,7,0.358858859,1.091923301
rat365,30,388,2,109,14.96,1.5,3.48, ,2.08,0.58,4,1,17.1,23.5,3,145,7,0.280927835,1.124929597
rat366,251,284,1,110,15,1.2,2.8,1,8.5,0.27,1,3,16.5,21.5,1, ,3,0.387323944,2.251291799
rat367,17,243.3,1,100,15,1.1,2.6,4,0,0.531,1,3,15,21,2, ,3,0.411015208,0
rat370,261,210,1,80.6,15,0.74,4,3,0.912,0.242,1,1,17,20,9, ,2,0.383809524,0.648149815
rat371,261,353,2,91.4,15,1.33,5.48, ,1.7,0.826,1,1,18.5,23.5,9, ,2,0.258923513,0.993251773
rat372,261,240,1,93,15,0.94,2.52,1,2.51,0.59,1,1,16.5,21,9, ,2,0.3875,1.255616037
rat373,261,289,1,116,15,0.99,5.41,3,0.952,0.495,1,1,16.5,22.5,9, ,2,0.401384083,0.668854488
rat374,261,311,1,157,15,1.15,4.89,4,2.02,0.643,1,1,17.5,22,9, ,2,0.504823151,1.105256831
rat375,135,201,1,65.5,15.02,0.91,2.97,3,0.39,0.228,1,1,14.5,19.5,3,158,8,0.325870647,0.329303747
rat376,127,268,2,77.5,15.02,1.12,2.74, ,3.17,0.461,1,1,16,20,3,149,7,0.289179104,1.427916036
rat377,94,254,2,95.5,15.12,1.3,1.95, ,1.79,0.468,1,1,16.1,19.5,3,135,7,0.375984252,1.026041596
rat378,248,284,2,102.5,15.12,1.13,4.37, ,1.94,0.361,1,1,17.2,20.5,3,138,7,0.360915493,1.078409581
rat379,244,223,1,84.5,15.21,0.83,2.84,1,3.46,0.297,1,1,16.6,19,3,134,8,0.378923767,1.495148766
rat380,135,446,2,108,15.24,1.8,4.73, ,2.39,0.394,1,1,17.5,23,3,148,8,0.242152466,1.220829921
rat381,250,305,1,120,15.3,1.5,2.6,1,4.5,0.255,2,3,17,23,1, ,3,0.393442623,1.704748092
rat382,148,273,1,103.5,15.32,1.19,5.07,4,0.89,0.3,1,1,17,22,3,157,8,0.379120879,0.636576829
rat383,64,315,2,84,15.37,1.26,3, ,2.93,0.586,1,1,16.2,21.5,3,151,7,0.266666667,1.368639426
rat384,169,250,1,122,15.39,0.97,3.87,4,0,0.277,1,1,16.4,22.5,3,162,7,0.488,0
rat385,127,347,2,91,15.46,1.49,4.41, ,1.95,0.418,1,1,14.5,22.5,3,145,7,0.262247839,1.08180517
rat386,0,385,1,104,15.47,1.09,5.78,4,12.54,0.393,1,4,18.3,22,8,140, ,0.27012987,2.605648267
rat387,166,298,1,110,15.5,1.1,2.6,1,2.7,0.227,1,3,17,22.5,1, ,3,0.369127517,1.30833282
rat388,17,237.6,1,95,15.5,1.1,3,4,0,0.483,1,3,15.5,21.5,2, ,3,0.39983165,0
rat389,127,264,1,148,15.54,1.08,2.83,3,1.32,0.342,1,1,15.5,21.5,3,162,7,0.560606061,0.841567186
rat390,64,439,2,101,15.68,1.96,4.22, ,4.07,0.559,1,1,19.2,24,3,175,7,0.230068337,1.623340818
rat391,101,394.4,2,134,15.7,2,4.1, ,1.5,0.198,4,3,11.5,23,2, ,5,0.339756592,0.916290732
rat392,230,315,1,127.5,15.73,1.07,3.19,3,2.85,0.246,1,1,16.5,21.5,3,148,8,0.404761905,1.348073148
rat393,162,334,1,119.5,15.86,1.32,4.2,2,0,0.354,1,1,17.8,22.5,3,163,8,0.357784431,0
rat394,221,305,2,104.5,15.87,1.21,3.85, ,1.23,0.322,1,1,18,22,3,137,7,0.342622951,0.802001585
rat395,64,304,2,80,15.88,1.39,3.65, ,2.51,0.635,2,1,16.5,22,3,146,7,0.263157895,1.255616037
rat396,162,252,1,82,15.89,1.12,2.02,3,1.04,0.354,1,1,16.3,21.5,3,159,8,0.325396825,0.712949808
rat397,258,232,1,81.5,15.96,0.77,3.88,2,0,0.165,1,1,16.2,18.5,3,161,8,0.351293103,0
rat398,67,308.3,1,111.5,16,1.3,2.6,4,0,0.496,4,3,16,21.5,2, ,5,0.36166072,0
rat399,177,319,2,74,16,1.25,4.96, ,1.93,0.401,1,1,16.1,22,3,139,8,0.231974922,1.075002423
rat400,261,273,1,99,16,0.96,6.22,3,3.26,0.91,1,1,16.5,23,9, ,2,0.362637363,1.44926916
rat401,261,339,1,127,16,1.32,5.21,2,1.54,0.717,1,1,18.5,23,9, ,2,0.374631268,0.932164081
rat402,261,315,1,161,16,1.11,6.83,1,3.92,0.86,1,1,18,24,9, ,2,0.511111111,1.593308531
rat403,262,280,2,104,16.01,0.88,2.74, ,2.89,0.33,1,1,16.8,22,3,140,8,0.371428571,1.358409158
rat404,244,377,1,124.5,16.03,1.56,3.51,4,3.71,0.289,2,1,16.5,23,3,161,8,0.330238727,1.549687908
rat405,244,317,1,87,16.05,1.02,1.55,3,2.91,0.193,1,1,17,21,3,140,8,0.27444795,1.363537374
rat406,167,226,1,40,16.1,0.91,3.6,3,3.1,0.61,1,1,15.5,21.5,1, ,3,0.17699115,1.410986974
rat407,162,372,1,117,16.12,1.31,4.17,2,0,0.255,1,3,19.8,25,3,173,8,0.314516129,0
rat408,217,321,1,108.5,16.16,0.94,4.57,2,0.73,0.152,1,1,17.4,22,3,170,8,0.338006231,0.548121409
rat409,148,391,2,128,16.19,1.51,6.94, ,3.84,0.479,1,1,17.8,22.5,3,162,8,0.327365729,1.576914721
rat410,135,275,1,107.5,16.23,1.06,2.97,4,7.31,0.418,1,1,16.8,22,3,140,8,0.390909091,2.117459609
rat411,258,278,1,120,16.23,1,4.28,3,0.16,0.267,1,1,17.8,22,3,158,8,0.431654676,0.148420005
rat412,127,229,1,135.5,16.27,0.69,1.98,1,0.6,0.397,4,1,14.2,18,3,160,7,0.591703057,0.470003629
rat413,244,357,1,103,16.35,1.15,2.49,3,5.57,0.587,1,3,17,22,3,142,8,0.288515406,1.882513832
rat414,48,254.9,1,125,16.4,1.1,1.9,1,0,0.438,4,3,16,25,2, ,5,0.490388388,0
rat415,172,329.3,1,170,16.4,1.9,2.6,4,0,0.222,4,3,17.2,25.2,2, ,5,0.516246584,0
rat416,64,366,2,77.5,16.45,1.5,4.08, ,3.75,0.639,1,1,17,22,3,144,7,0.211748634,1.558144618
rat417,244,278,1,131,16.48,0.92,2.08,3,4.8,0.306,1,1,16,20,3,152,8,0.471223022,1.757857918
rat418,64,320,2,75.5,16.55,1.13,4.35, ,1.64,0.56,1,1,18.2,24,3,148,7,0.2359375,0.970778917
rat419,169,296,1,130,16.58,1.4,4.9,2,0.14,0.41,2,1,18,22,3,163,7,0.439189189,0.131028262
rat420,64,278,1,102.5,16.6,1.25,5.03,1,1.74,0.426,1,1,16.1,21,3,153,7,0.368705036,1.00795792
rat421,262,314,2,95.5,16.81,1.23,2.91, ,1.39,0.302,1,1,16.5,23.5,3,147,8,0.304140127,0.871293366
rat422,251,280,1,140,16.9,1.3,2.7,1,0.001,0.11,1,3,18,21.5,1, ,3,0.5,0.0009995
rat423,48,400.8,2,147,16.9,1.7,3.1, ,2.7,0.375,3,3,18.5,26.5,2, ,5,0.366766467,1.30833282
rat424,16,291.8,1,186.5,16.9,1.5,3.7,1,0,0.34,2,3,17,24,2, ,3,0.639136395,0
rat425,94,301,2,87,16.9,1.27,3.18, ,1.85,0.545,1,1,16,21,3,126,7,0.289036545,1.047318994
rat426,244,278,1,105.5,16.9,0.85,2.73,3,3.04,0.223,1,1,15.8,20,3,150,8,0.379496403,1.396244692
rat427,135,352,2,80.5,16.93,1.16,3.01, ,2.71,0.568,2,1,17.5,23,3,145,8,0.228693182,1.311031877
rat428,167,367,2,50,17,1.4,4.4, ,6.2,0.43,4,1,18.5,24,1, ,3,0.136239782,1.974081026
rat429,68,317,2,94.5,17,1,3, ,0,0.339,3,1,17,23,1, ,4,0.298107256,0
rat430,261,273,1,113.7,17,1.35,2.8,3,0.7,0.375,1,1,18.5,22.5,9, ,2,0.416483516,0.530628251
rat431,261,379,1,131,17,1.25,5.82,1,5.59,0.651,1,1,18,23,9, ,2,0.345646438,1.885553349
rat432,261,274,1,145,17,0.87,5.47,1,0.52,0.36,2,1,17,22,9, ,2,0.52919708,0.418710335
rat433,261,375,1,146,17,1.6,9.55,1,2.24,0.715,1,1,19,25,9, ,2,0.389333333,1.17557333
rat434,258,55,1,11.8,17.01,0.9,4.16,4,0.25,0.178,1,1,17,20.5,3,173,8,0.214545455,0.223143551
rat435,64,280,1,108,17.01,1.3,3.33,1,1.61,0.587,1,1,16.8,21,3,152,7,0.385714286,0.959350221
rat436,94,236,1,83.5,17.04,0.97,3.02,1,1.97,0.424,1,1,14.9,20.5,3,147,7,0.353813559,1.088561953
rat437,30,368,2,110.5,17.1,1.42,3.55, ,2.95,0.47,1,1,17.8,23,3,145,7,0.300271739,1.373715579
rat438,162,338,1,149,17.19,1.41,4.45,3,1.63,0.43,1,1,18.4,23,3,180,8,0.440828402,0.966983846
rat439,30,317,1,114.5,17.2,1.04,3.56,3,3.02,0.67,2,1,17.7,22.5,3,141,7,0.361198738,1.391281903
rat440,169,241,1,107,17.25,1.31,1.89,1,0.72,0.446,1,1,17,21,3,147,7,0.443983402,0.542324291
rat441,196,447,2,111.5,17.25,1.93,4.41, ,2.96,0.297,1,3,18,24,3,153,8,0.249440716,1.376244025
rat442,217,234,1,117,17.29,0.85,3.47,4,1.53,0.232,1,1,17,18.5,3,156,8,0.5,0.928219303
rat443,250,254,1,180,17.3,1,2,1,0.6,0.26,3,3,15,22.5,1, ,3,0.708661417,0.470003629
rat444,148,321,1,138,17.32,1.39,4.75,3,0.73,0.485,1,1,15.7,20,3,150,8,0.429906542,0.548121409
rat445,262,334,2,95,17.49,1.33,4.48, ,1.96,0.313,1,1,17.4,22,3,161,8,0.284431138,1.085189268
rat446,94,307,1,169.5,17.49,1.43,3.72,3,0,0.285,2,1,18.3,21.2,3,145,7,0.552117264,0
rat447,70,327,1,130,17.5,1.5,5.3,1,2.6,0.603,1,1,16.8,22,3,138,9,0.397553517,1.280933845
rat448,12,393.5,2,108,17.8,1.8,4.6, ,4.5,0.629,1,3,15,24.5,2, ,3,0.274459975,1.704748092
rat449,352,402,2,117.5,17.8,1.8,4.3, ,3,0.52,1,1,16.9,23,3,152,7,0.292288557,1.386294361
rat450,169,332,2,93,17.9,1.3,3.24, ,1.45,0.389,1,1,14,22.5,3,146,7,0.280120482,0.896088025
rat451,217,312,1,125,17.9,1.34,2.3,4,1.23,0.226,1,3,17.8,21.5,3,169,8,0.400641026,0.802001585
rat452,269,342.8,1,146.5,18,1.4,1.9,3,1.7,0.18,4,1,17.3,23,3,193.7,6,0.427362894,0.993251773
rat453,64,316,1,148,18.03,1.31,2.91,1,3.52,0.524,1,1,17.2,21,3,160,7,0.46835443,1.508511994
rat454,30,326,1,129,18.1,1.45,3.36,4,3.49,0.93,1,1,18.5,21.5,3,149,7,0.395705521,1.501852702
rat455,64,306,2,130,18.12,1.53,3.21, ,1.11,0.574,1,1,17.5,21,3,141,7,0.424836601,0.746687947
rat456,64,500,2,91.5,18.17,1.93,4.14, ,5.44,0.796,1,1,17.6,24,3,164,7,0.183,1.86252854
rat457,148,341,1,176,18.25,1.32,4.84,1,0.21,0.334,1,1,17.8,20,3,178,8,0.516129032,0.19062036
rat458,162,379,1,143,18.26,1.66,5.1,1,3.17,0.614,1,1,17,23.5,3,182,8,0.377308707,1.427916036
rat459,75,250,2,43.7, , , , ,1.73,0.228,1,1,16.2,20,4, , ,0.1748,1.004301609
rat460,75,276,2,45.7, , , , ,3.56,0.468,1,1,16.3,20.2,4, , ,0.16557971,1.517322624
rat461,70,343,2,83,18.3,1.8,6, ,3.3,0.73,1,1,17.4,23,3,146,9,0.241982507,1.458615023
rat462,177,278,1,93.5,18.37,1.13,4.15,2,1.58,0.432,1,1,16.5,20,3,163,8,0.336330935,0.947789399
rat463,177,391,1,123.5,18.43,1.45,3.69,3,4.36,0.561,1,1,16.6,22,3,161,8,0.315856777,1.678963975
rat464,64,426,2,141,18.46,1.84,3.92, ,3.63,0.564,1,1,17.9,24,3,157,7,0.330985915,1.532556868
rat465,244,268,1,102.5,18.55,0.87,4.41,3,2.9,0.247,1,1,15.9,20.5,3,151,8,0.382462687,1.360976553
rat466,230,324,1,77,18.69,0.98,3.28,3,3.57,0.264,1,1,16.8,21,3,141,8,0.237654321,1.519513205
rat467,248,258,1,131,18.71,1.09,3.36,2,1.71,0.162,1,1,17,20.5,3,154,7,0.507751938,0.996948635
rat468,162,421,1,165.5,18.73,1.53,5.76,3,3.76,0.677,1,1,19,26,3,208,8,0.393111639,1.560247668
rat469,59,351.5,2,92,18.8,1.2,5.4, ,4.2,0.435,2,3,16.5,23,2, ,5,0.26173542,1.648658626
rat470,269,367.8,1,127,18.8,1.3,4.1,3,1.9,0.109,1,1,17,22,3,182,6,0.345296357,1.064710737
rat471,169,328,1,145.5,18.84,1.13,5.24,3,0,0.243,1,1,17.1,22.5,3,182,7,0.443597561,0
rat472,352,475,2,139,18.9,2.1,5.5, ,2.7,0.485,1,1,16.4,23,3,178,7,0.292631579,1.30833282
rat473,101,287.5,1,156,19,1.2,4.6,4,0,0.53,2,3,16,21,2, ,5,0.542608696,0
rat474,240,270,1,105.5,19,0.85,2.26,1,1.99,0.331,1,1,15.8,20.5,3,153,7,0.390740741,1.095273387
rat475,261,382,2,109.1,19,1.32,7, ,1.96,0.287,1,1,18.5,24,9, ,2,0.285602094,1.085189268
rat476,64,333,1,110,19.03,1.24,3.03,1,4.14,0.509,1,1,18.8,21,3,158,7,0.33033033,1.637053079
rat477,135,378,2,86,19.05,1.59,6.22, ,1.88,0.479,2,1,19,22.5,3,156,8,0.227513228,1.057790294
rat478,244,309,1,157,19.05,1.15,3.91,4,0.77,0.239,1,1,17.5,23,3,165,8,0.508090615,0.570979547
rat479,94,264,1,120,19.07,0.97,4.48,3,1.68,0.477,1,1,17.3,19.5,3,156,7,0.454545455,0.985816795
rat480,240,251,1,85.5,19.19,0.96,4.96,2,0,0.171,1,1,17.8,21.5,3,167,7,0.34063745,0
rat481,221,278,1,135,19.19,1.12,5.88,1,0,0.113,1,1,16.5,21.2,3,175,7,0.485611511,0
rat482,19,399.9,2,126.3,19.3,1.6,5.7, ,1.8,0.476,1,3,17.5,24,2, ,3,0.315828957,1.029619417
rat483,217,393,1,146.5,19.33,1.64,4.71,1,3.35,0.489,2,1,17,22,3,168,8,0.372773537,1.470175845
rat484,352,272,1,103.5,19.4,1.3,5.9,2,0.5,0.287,1,1,14.6,20,3,166,7,0.380514706,0.405465108
rat485,79,263,2,97.9, , , , ,1.7,1.118,1,1,15.5,20,5, , ,0.372243346,0.993251773
rat486,79,273,2,100, , , , ,1.73,0.741,1,1,15.6,21.5,5, , ,0.366300366,1.004301609
rat487,64,408,2,137,19.46,2.11,3.54, ,2.96,0.538,1,1,18,24,3,181,7,0.335784314,1.376244025
rat488,90,380.1,1,200,19.5,1.5,3.2,1,0,0.511,3,3,17.5,21,2, ,5,0.526177322,0
rat489,322,291,1,149.5,19.56,1.23,6.94,2,0,0.283,1,1,17.5,22.5,3,193,8,0.513745704,0
rat490,167,354,1,160,19.6,1.6,3.2,2,4.8,0.38,2,3,18,24,1, ,3,0.451977401,1.757857918
rat491,322,299,1,182,19.64,1.35,4.14,2,0,0.155,2,1,17.4,21,3,188,8,0.608695652,0
rat492,261,386,1,162,19.7,1.58,4.57,4,4.82,0.65,1,1,20.5,23,9, ,2,0.419689119,1.761300262
rat493,169,289,1,140,19.71,1,3.47,3,1.62,0.603,1,1,16.2,20.5,3,145,7,0.484429066,0.963174318
rat494,167,317,1,120,19.8,1.5,3.6,3,2.5,0.23,1,3,14.5,22,1, ,3,0.378548896,1.252762968
rat495,82,376.6,2,122.3,19.9,1.3,5, ,0,0.308,1,3,17,23,2, ,5,0.324747743,0
rat496,217,244,1,122,20.04,0.83,5.47,1,0.99,0.226,1,1,15.5,20.5,3,160,8,0.5,0.688134639
rat497,244,270,1,124.5,20.09,1.19,5.54,4,1.65,0.536,1,1,16.4,21,3,160,8,0.461111111,0.97455964
rat498,90,403.9,2,119.1,20.1,2.1,6.4, ,0,0.367,2,3,13.5,22,2, ,5,0.294874969,0
rat499,127,300,1,146,20.13,1.03,4.1,3,3.42,0.279,4,1,17,21,3,164,7,0.486666667,1.486139696
rat500,230,333,1,124.5,20.26,1.41,5.77,4,0.61,0.165,1,1,17.2,22.5,3,198,8,0.373873874,0.476234179
rat501,135,372,2,113.5,20.41,1.54,3.8, ,0,0.586,1,1,15.3,23,3,157,8,0.305107527,0
rat502,177,355,1,115.5,20.58,1.45,4.2,3,1.98,0.24,1,1,16.6,22.5,3,171,8,0.325352113,1.091923301
rat503,127,351,1,226.5,20.67,1.31,3.59,3,2.99,0.546,2,1,16.3,21,3,189,7,0.645299145,1.383791231
rat504,162,303,1,149,20.78,1.14,5.16,3,1.36,0.333,1,1,17.1,22,3,166,8,0.491749175,0.858661619
rat505,269,289.5,1,116.5,20.9,1,4.3,3,1.1,0.144,1,1,17.2,18.5,3,161,6,0.402417962,0.741937345
rat506,135,367,2,111.5,20.92,1.59,4.67, ,1.81,0.569,1,1,17.8,23,3,154,8,0.303814714,1.033184483
rat507,196,398,1,139,20.93,1.77,7.09,3,0.83,0.6,1,1,17.9,23.5,3,186,8,0.349246231,0.604315967
rat508,269,318.9,1,117.5,21,1,4.1,3,1.8,0.339,1,1,16.6,21,3,151.2,6,0.368454061,1.029619417
rat509,258,447,1,175,21,2.02,9.71,4,5.59,0.564,1,1,17.8,24.5,3,214,8,0.391498881,1.885553349
rat510,135,361,1,189.5,21.28,1.35,4.83,3,3.44,0.615,3,1,16.3,23,3,177,8,0.524930748,1.490654376
rat511,64,345,1,145,21.3,1.09,3.98,1,2.14,0.452,1,1,17.3,21.5,3,152,7,0.420289855,1.1442228
rat512,230,332,1,136.5,21.34,1.16,4.24,4,4.7,0.549,1,1,17.7,21,3,162,8,0.411144578,1.740466175
rat513,135,344,1,114.5,21.46,1.33,3.17,3,6.51,0.571,1,1,17.2,22.5,3,173,8,0.332848837,2.016235466
rat514,162,380,1,194,21.47,1.89,6.25,3,1.61,0.675,1,1,19,23,3,196,8,0.510526316,0.959350221
rat515,230,358,1,97,21.54,1.5,3.6,3,3.4,0.545,1,1,17.5,22.5,3,164,8,0.270949721,1.481604541
rat516,177,420,1,157,21.55,1.72,6.51,2,2.21,0.463,2,1,18.8,24,3,196,8,0.373809524,1.166270937
rat517,127,259,1,145,21.6,1.06,8.83,4,0,0.316,1,1,18,20.5,3,205,7,0.55984556,0
rat518,261,336,1,124,22,1.28,4.8,3,2.23,0.465,1,1,17.5,23,9, ,2,0.369047619,1.172482137
rat519,261,367,1,161,22,1.35,6.14,2,1.34,0.636,5,1,18,24,9, ,2,0.438692098,0.850150929
rat520,135,349,1,181.5,22.03,1.56,5.06, ,2.93,0.353,2,1,17.8,23,3,182,8,0.520057307,1.368639426
rat521,0,306,1,136,22.13,1.18,7.37,4,3.62,0.45,1,4,17.9,20,7,142, ,0.444444444,1.530394705
rat522,166,338,1,130,22.2,1.5,3.6,1,3.4,0.6,3,1,17.2,24,1, ,3,0.384615385,1.481604541
rat523,177,370,1,149,22.26,1.4,7.24,3,0.216,0.252,1,3,17.2,23,3,174.5,8,0.402702703,0.195566784
rat524,135,462,1,141,22.44,1.85,4.73,2,1.63,0.418,3,1,18,23,3,209,8,0.305194805,0.966983846
rat525,230,286,1,89.5,22.64,0.77,2.5,1,3,0.38,1,1,16.4,21,3,140,8,0.312937063,1.386294361
rat526,244,287,1,112,22.7,0.97,4.45,2,2.08,0.32,1,1,15.8,21,3,158,8,0.390243902,1.124929597
rat527,230,419,1,189,22.74,1.5,4.38,2,2.31,0.622,1,1,18.2,23.5,3,188,8,0.451073986,1.196948189
rat528,196,359,1,142.5,22.77,1.17,6.64,2,0,0.175,1,1,17,20.5,3,176,8,0.396935933,0
rat529,135,299,1,147,22.79,1.08,3.13,3,1.87,0.364,1,1,16.6,21.5,3,164,8,0.491638796,1.05431203
rat530,94,405,2,106.5,22.88,1.84,4.32, ,1.99,0.642,1,1,16.9,22,3,161,7,0.262962963,1.095273387
rat531,244,313,1,122,22.92,1.22,5.92,3,0.94,0.264,1,1,17,22.5,3,167,8,0.389776358,0.662687973
rat532,127,376,2,76,22.97,1.56,2.63, ,2.37,0.466,1,1,17.5,23.5,3,151,7,0.20212766,1.214912744
rat533,261,302,1,122.8,23,1.24,5.18,2,0.2,0.278,2,1,18,23,9, ,2,0.406622517,0.182321557
rat534,196,298,1,110,23.09,1.2,5.98,2,0.95,0.296,1,1,16.5,20.5,3,182,8,0.369127517,0.667829373
rat535,135,254,1,117.5,23.14,1.19,3.15,2,0,0.283,1,1,15,20.5,3,202,8,0.462598425,0
rat536,177,342,1,120,23.17,1.16,5.19,4,2.2,0.399,1,1,18.2,21,3,174,8,0.350877193,1.16315081
rat537,148,311,1,160,23.39,1.33,5.21,4,1.39,0.202,1,1,16,24,3,178,8,0.514469453,0.871293366
rat538,169,275,1,157.5,23.48,1.11,6.2,2,0,0.308,2,1,16,21,3,190,7,0.572727273,0
rat539,162,368,1,150,23.5,1.6,5.35,2,0.67,0.25,1,1,18.5,24,3,171,8,0.407608696,0.512823626
rat540,177,335,1,104,23.65,1.2,6.17,3,0.7,0.379,2,1,18.5,23,3,174,8,0.310447761,0.530628251
rat541,196,315,1,119.5,23.66,1.46,6.66,2,0.24,0.198,1,3,16,21,3,171,8,0.379365079,0.21511138
rat542,269,264.6,1,117,23.7,1.1,4.6,3,0.3,0.226,1,1,17,20.5,3,165,6,0.442176871,0.262364264
rat543,127,384,1,211.5,23.7,1.36,3.78,3,4.57,0.32,1,1,17.4,22.5,3,163,7,0.55078125,1.717395054
rat544,217,383,1,130,23.87,1.49,5.86,2,0.76,0.47,1,1,19,21.5,3,197,8,0.339425587,0.565313809
rat545,162,284,1,141.5,23.92,1.13,4.21,2,1.74,0.266,1,1,17,21.5,3,155,8,0.498239437,1.00795792
rat546,169,340,1,160,23.98,1.4,4.67,3,1.12,0.522,1,1,16.5,21.5,3,183,7,0.470588235,0.751416089
rat547,262,326,1,130,24.17,1.14,2.43,3,2.3,0.398,1,1,16.7,21.5,3,155,8,0.398773006,1.193922468
rat548,276,455,2,112,24.61,1.74,5.23, ,3.08,0.463,1,1,18.8,24.5,3,160,7,0.246153846,1.406096988
rat549,244,325,1,108.5,24.69,1.14,4.4,3,1.29,0.25,1,1,17.1,21,3,168,8,0.333846154,0.828551818
rat550,64,335,1,147,24.7,1.29,6.7,4,2.25,0.444,1,1,17.6,23,3,182,7,0.43880597,1.178654996
rat551,276,370,1,177,24.73,1.23,12.91,2,0,0.188,1,1,18.3,23.5,3,198,7,0.478378378,0
rat552,230,356,1,166,25.22,1.47,7.01,2,4.4,0.569,1,1,18.5,23.5,3,193,8,0.466292135,1.686398954
rat553,135,340,1,148.5,25.35,1.29,5.48,2,0.88,0.356,1,1,16,22,3,168,8,0.436764706,0.631271777
rat554,162,316,1,105,25.57,1.32,5.49,2,0,0.393,1,1,15.4,22,3,190,8,0.332278481,0
rat555,148,308,1,96,25.63,1.2,7.56,3,0.6,0.147,1,1,17,21,3,172,8,0.311688312,0.470003629
rat556,162,383,1,156.5,25.83,1.64,5.8,3,2.1,0.101,2,1,16.5,23,3,186,8,0.408616188,1.131402111
rat557,94,348,1,193,25.99,1.41,3.84,1,6.91,0.522,2,1,16.5,21.5,3,172,7,0.554597701,2.068127782
rat558,166,373,1,144,26,1.3,1.1,2,3.7,0.26,1,1,19,24.5,1, ,3,0.386058981,1.547562509
rat559,94,377,1,181.5,26.42,1.73,5.43,1,4.12,0.5,2,1,17,21.5,3,167,7,0.481432361,1.633154439
rat560,162,444,1,118,26.44,1.93,6.9,2,0.38,0.376,1,1,19.5,24.5,3,178,8,0.265765766,0.322083499
rat561,169,367,1,154,26.56,1.41,5.61,2,0.87,0.5,1,1,14,21.5,3,183,7,0.419618529,0.625938431
rat562,127,404,1,162.5,26.89,1.74,2.89,3,3.75,0.613,1,1,19,24,3,180,7,0.402227723,1.558144618
rat563,135,388,1,183,27.37,1.77,7.66,3,4.52,0.613,2,1,18,21,3,186,8,0.471649485,1.70837786
rat564,169,345,1,155,27.44,1.52,5.64,2,0,0.47,1,1,18.1,22,3,198,7,0.449275362,0
rat565,339,358,1,146.8,27.53,1.64,3.96,2,0.83,0.254,1,1,18.2,22.2,3,179,6,0.410055866,0.604315967
rat566,177,387,1,190,27.56,1.27,4.19,3,2.14,0.524,1,1,18,24,3,184,8,0.490956072,1.1442228
rat567,162,368,1,184,27.72,1.33,8.81,2,0,0.767,1,1,18.3,23,3,192,8,0.5,0
rat568,177,385,1,179,27.73,1.5,8.77,3,0.54,0.228,1,1,17,25,3,201,8,0.464935065,0.431782416
rat569,179,435.9,1,280,28.2,1.9,9,4,0,0.3,1,3,17.1,21.8,2, ,5,0.642349163,0
rat570,177,384,1,148.5,28.5,1.43,4.02,2,1.12,0.574,1,1,18.4,23,3,198,8,0.38671875,0.751416089
rat571,177,388,1,157.5,28.51,1.35,5.65,2,2.34,0.522,1,1,19.4,24,3,174,8,0.405927835,1.205970807
rat572,81,453,1,211,28.6,1.6,5.8,1,0,0.695,4,3,19.5,22.5,2, ,5,0.465783664,0
rat573,276,358,1,201,28.8,1.59,5.93,3,0,0.221,2,1,17,22.5,3,185,7,0.561452514,0
rat574,127,442,1,164.5,29.94,1.55,5.99,3,4.71,1.15,1,1,19.8,24.5,3,182,7,0.372171946,1.742219024
rat575,269,381.8,1,145.5,30,1.4,5.6,4,1.9,0.395,1,1,17.1,22,3,177,6,0.381089576,1.064710737
rat576,169,416,1,195.5,32.99,1.63,6.14,1,1.7,0.556,1,1,17.5,23,3,196,7,0.469951923,0.993251773
rat577,244,476,1,181,38.41,2.04,4.19,2,3.54,0.758,1,1,17.5,24.5,3,191,8,0.380252101,1.512927012
rat578,230,459,1,237.5,39.13,1.69,7.41,2,0.5,0.559,1,1,20,24.5,3,226,8,0.517429194,0.405465108
rat579,75,299,2,50.8, , , , ,2.51,0.337,1,1,17.5,21.3,4, , ,0.169899666,1.255616037
rat580,79,290,2,96.8, , , , ,2.02,0.97,1,1,16.1,21.3,5, , ,0.333793103,1.105256831
